학원명,정원합계,도로명주소,Latitude,Longitude,도로명상세주소
1:1.618실험과학교습소,8,서울특별시 강서구 화곡로13길 107,37.5443631,126.8315655,/ 103호 (화곡동/ 화곡푸르지오 상가에이동)
1대2수학교습소,20,서울특별시 강서구 방화대로34길 102,37.5711706,126.8218858,/ 2층일부 (방화동)
3030가양영어교습소,20,서울특별시 강서구 양천로 507,37.5607332,126.8568025,/ 2층 206호 (가양동/ 강나루현대아파트)
3030잉글리쉬영어교습소,24,서울특별시 강서구 양천로75길 19,37.5512482,126.8744482,/ 상가동 지하1층 03호 (염창동/ 강변힐스테이트아파트)
가양뮤즈음악교습소,20,서울특별시 강서구 허준로 175,37.5631529,126.8592772,/ 상가동 305호 (가양동/ 가양6단지아파트)
가양점프미술교습소,42,서울특별시 강서구 허준로 47,37.5703714,126.8474442,가양도시개발공사아파트 상가 3층 304호일부 (가양동)
가온누리토론논술교습소,15,서울특별시 강서구 강서로45길 132-12,37.5507697,126.8315028,/ 1층 일부 (내발산동)
가우스수학교습소,10,서울특별시 강서구 양천로 658,37.5522268,126.8698341,/ 7층 일부 (염창동)
가우스엠(M)수학교습소,84,서울특별시 강서구 공항대로41길 66,37.5605876,126.8465649,/ 407호 (등촌동/ 세신등촌종합상가)
강서꿀수학교습소,45,서울특별시 강서구 강서로45길 36,37.548031,126.8340986,2층 (내발산동)
강서수력발전소수학교습소,207,서울특별시 강서구 강서로 316,37.5537195,126.836965,/ 5층 일부 (내발산동/ 창우빌딩)
강서알프레드피아노교습소,12,서울특별시 강서구 등촌로13바길 96,37.534482,126.8551657,1층 (화곡동)
강서오케스트라음악교습소,16,서울특별시 강서구 방화대로48길 40,37.574644,126.8189919,도시개발아파트 2-2단지상가 205 206호 (방화동)
강서우장한솔플러스수학교습소,108,서울특별시 강서구 우현로 5,37.5466225,126.8445271,/ 202호 (화곡동)
강서유니아트미술교습소,6,서울특별시 강서구 화곡로31길 25,37.5441597,126.8419251,/ 1층일부 (화곡동)
강서혜윰수학교습소,108,서울특별시 강서구 강서로 385,37.5599712,126.8383182,/ 910호 일부 (마곡동)
강서힐스테이트한우리독서토론논술교습소,40,서울특별시 강서구 우현로 15,37.547128,126.8436128,/ 4층(401호) 일부 (화곡동)
경서음악교습소,29,서울특별시 강서구 우현로 26,37.5480734,126.8431716,/ 101동 비102호 (화곡동/ 우장산 에스케이 뷰)
경희음악교습소,75,서울특별시 강서구 강서로48길 39,37.552519,126.8385805,/ 1층 일부 (내발산동)
경희피아노스튜디오음악교습소,54,서울특별시 강서구 마곡중앙1로 26,37.5591978,126.8260763,/ 208호 (마곡동/ 엠리체)
고릴라영어교습소,54,서울특별시 강서구 화곡로66길 90,37.5560122,126.8582396,/ 생활편익시설 204호/205호 (등촌동/ 등촌동코오롱아파트)
고쌤잉글리쉬영어교습소,72,서울특별시 강서구 공항대로41길 51,37.5601978,126.8457639,/ 세신그린코아빌딩 4층406호 (등촌동)
고양이미술상자미술교습소,21,서울특별시 강서구 공항대로42길 54-6,37.5556868,126.8425944,3층 일부 (내발산동)
고운그림미술교습소,20,서울특별시 강서구 초록마을로 51,37.5425818,126.8484481,1층일부 (화곡동)
고은그림미술교습소,18,서울특별시 강서구 강서로 348,37.5560356,126.840219,/ 상가1동 507호 (내발산동/ 우장산힐스테이트)
공감수학교습소,90,서울특별시 강서구 수명로 76,37.5527162,126.8262608,/ 서울메디스테이트빌딩 602호 (내발산동)
공부잘하는영어교습소,27,서울특별시 강서구 방화대로34길 86,37.5707687,126.8211552,/ 4층일부 (방화동)
그랑그림미술교습소,28,서울특별시 강서구 마곡중앙1로 20,37.5591978,126.8260763,/ 302호 (마곡동/ 마곡 M시그니처)
그레이스교육수학교습소,27,서울특별시 강서구 곰달래로 177-3,37.5312048,126.8526429,/ 1층일부 (화곡동)
그리밍아트미술교습소,63,서울특별시 강서구 공항대로55길 9-7,37.5536627,126.8603341,/ 1층 일부 (등촌동/ 에스앤케이빌딩)
그린트리수학교습소,117,서울특별시 강서구 강서로47가길 33,37.5510684,126.8357488,/ 1층 일부 (내발산동)
그림두드림미술교습소,45,서울특별시 강서구 수명로 68-27,37.5526355,126.826665,/ 501호 일부 (내발산동/ 웨스트엔드 문화센터)
그림뜰미술교습소,18,서울특별시 강서구 곰달래로35길 17,37.531988,126.8534026,/ 1층 일부 (화곡동)
그림사이미술교습소,90,서울특별시 강서구 공항대로39길 100,37.562539,126.8465439,/ 등촌대림아파트상가 302호 (등촌동/ 대림아파트)
그림아트스튜디오강서염창점미술교습소,3,서울특별시 강서구 양천로67길 99,37.5555315,126.8713121,/ 리첸빌딩 2층일부 (염창동)
그림아트우장산미술교습소,35,서울특별시 강서구 강서로46길 43,37.5508345,126.8388895,1층 일부 (내발산동)
그림일기스튜디오미술교습소,16,서울특별시 강서구 마곡중앙1로 20,37.5591978,126.8260763,/ 223호 (마곡동/ 마곡 M시그니처)
그림정원미술교습소,32,서울특별시 강서구 마곡중앙1로 20,37.5591978,126.8260763,/ 201호 (마곡동/ 마곡 M시그니처)
그림친구미술교습소,24,서울특별시 강서구 방화대로34길 57,37.5703097,126.8195811,1층 일부 (방화동)
길갈드럼교습소,3,서울특별시 강서구 공항대로41길 66,37.5605876,126.8465649,/ 세신등촌종합상가 401호 (등촌동/세신종합상가)
김경아피아노교습소,12,서울특별시 강서구 양천로 613-1,37.5548924,126.8663001,2층 2호 (염창동)
김선생국어교습소,12,서울특별시 강서구 양천로69길 58,37.554456,126.8729524,/ 상가동 307호 일부 (염창동/ 염창동아아파트)
김쌤수학교습소,24,서울특별시 강서구 공항대로53길 37,37.5550706,126.8603862,/ 1층 일부 (등촌동)
김영은음악교습소,5,서울특별시 강서구 우장산로2길 5,37.5543875,126.8378158,/ 1층일부 (내발산동)
김윤주국어교습소,7,서울특별시 강서구 금낭화로 145,37.5782534,126.8127841,에어뷰21-1 오피스텔207호 (방화동)
김이희피아노교습소,17,서울특별시 강서구 허준로 176,37.561996,126.8571387,/ 상가동 205호 (가양동/ 가양도시개발공사아파트(가양8단지아파트))
김태희이화음악교습소,20,서울특별시 강서구 양천로24길 63,37.5704411,126.8155197,/ 2층 일부 (방화동)
김호정음악교습소,15,서울특별시 강서구 곰달래로31가길 37,37.5321628,126.8534078,/ B01호 (화곡동/ 수정하이빌)
꼬마뜨미술교습소,18,서울특별시 강서구 화곡로13길 107,37.5443631,126.8315655,/ 상가씨동 205호 (화곡동/ 화곡푸르지오)
꼬마엔젤음악교습소,25,서울특별시 강서구 화곡로24길 40,37.5391434,126.8388695,2층 일부 (화곡동)
꿈꾸는미술교습소,18,서울특별시 강서구 공항대로41길 65,37.5607165,126.8461057,/ 504-1호 (등촌동/ 그랜드종합상가)
꿈꾸는음악교습소,92,서울특별시 강서구 마곡중앙1로 26,37.5591978,126.8260763,/ 409호 (마곡동/ 마곡엠리체)
꿈뜰아트미술교습소,60,서울특별시 강서구 양천로69길 58,37.554456,126.8729524,/ 상가동 307호 일부 (염창동/ 염창동아아파트)
꿈이자라는피아노교습소,25,서울특별시 강서구 까치산로26길 14,37.5504661,126.8527336,1층 (화곡동)
꿈피아노음악교습소,31,서울특별시 강서구 금낭화로 167,37.5806886,126.8127613,개화A상가203호중일부 (방화동)
끌레르미술교습소,18,서울특별시 강서구 곰달래로25길 17,37.5314652,126.8489415,101호 일부 (화곡동)
나노수학교습소,108,서울특별시 강서구 가로공원로84길 7,37.5371343,126.8403512,/ 1층 (화곡동)
나봄수학교습소,60,서울특별시 강서구 강서로 348,37.5560356,126.840219,/ 511호 (내발산동/ 우장산힐스테이트)
나오미영어교습소,30,서울특별시 강서구 등촌로39길 31,37.5458529,126.8605526,/ 1층일부 (등촌동)
남형수학교습소,8,서울특별시 강서구 강서로45길 45,37.5478316,126.8336128,/ 2층 (화곡동)
내발산하연과학교습소,16,서울특별시 강서구 우장산로4길 83,37.5508575,126.8384806,/ 2층일부 (내발산동)
노엘피아노교습소,60,서울특별시 강서구 양천로67길 54,37.5558231,126.8693996,염창2차우성A상가동 201호 (염창동)
놀작늘봄미술교습소,16,서울특별시 강서구 마곡중앙1로 10,37.5591978,126.8260763,/ 217호 (마곡동/ 마곡역 한일 노벨리아타워)
뉴마스터수학교습소,70,서울특별시 강서구 곰달래로31길 45,37.5328989,126.8510862,외 1필지 양림아트빌 102호 (화곡동)
뉴미래영어교습소,15,서울특별시 강서구 강서로45라길 59,37.5503738,126.8342986,1층 103호 (내발산동)
뉴브리즈음악교습소,30,서울특별시 강서구 공항대로 140,37.5593177,126.8228149,/ 마곡엠밸리12단지판매시설2동(1201동)111호일부 (마곡동)
뉴소리샘피아노음악교습소,20,서울특별시 강서구 초록마을로7길 19,37.5434532,126.8476233,1층 일부 (화곡동)
뉴예은피아노교습소,20,서울특별시 강서구 공항대로8길 49,37.5587426,126.8124215,/ 1층 102호 (공항동/ 에덴맨션)
뉴이화음악교습소,25,서울특별시 강서구 강서로 532,37.5720843,126.8432033,제상가동 207호 (가양동)
뉴현대음악교습소,20,서울특별시 강서구 양천로75길 57,37.5527629,126.8750275,현대A상가동 302호 (염창동)
능률주니어랩화곡6영어교습소,35,서울특별시 강서구 월정로 182,37.5348775,126.8355288,202호 203호 (화곡동)
다니엘피아노교습소,20,서울특별시 강서구 강서로47라길 41,37.551235,126.8328162,2층 (내발산동)
다빈치스쿨미술교습소,42,서울특별시 강서구 양천로69길 58,37.554456,126.8729524,동아아파트 상가 208호 (염창동)
다빈치화실미술교습소,56,서울특별시 강서구 양천로67길 32,37.555035,126.8689633,신동아(아) 상가동 203호 (염창동)
다예피아노교습소,24,서울특별시 강서구 곰달래로49길 136,37.5368651,126.854224,(화곡동)
다오른수학교습소,72,서울특별시 강서구 강서로 311,37.5535524,126.8363723,/ 3층 일부 (내발산동)
달빛미술교습소,12,서울특별시 강서구 금낭화로23길 25,37.5783299,126.8110723,/ 상가동 104호 (방화동/ 방화6단지도시개발아파트)
달아트스튜디오미술교습소,27,서울특별시 강서구 공항대로41길 65,37.5607165,126.8461057,/ 2층201-1호 (등촌동/ 그랜드종합상가)
담마잉글리쉬영어교습소,25,서울특별시 강서구 금낭화로 145,37.5782534,126.8127841,/ 에어뷰 21-1오피스텔 219호 (방화동)
대치3프로수학교습소,15,서울특별시 강서구 곰달래로33길 62,37.5336768,126.8519454,/ 1층일부 (화곡동)
대치국어논술교습소,16,서울특별시 강서구 우장산로2길 15,37.5540659,126.8377371,/ 2층 일부 (내발산동)
더뉴영어교습소,12,서울특별시 강서구 공항대로41길 66,37.5605876,126.8465649,/ 3층309호 (등촌동/ 세신등촌종합상가)
더래빗수학교습소,18,서울특별시 강서구 공항대로41길 66,37.5605876,126.8465649,/ 204호 (등촌동/ 세신등촌종합상가)
더브레인수학교습소,24,서울특별시 강서구 곰달래로35길 17,37.531988,126.8534026,/ 1층 1호 (화곡동)
더브레인영어교습소,15,서울특별시 강서구 공항대로 124,37.5592681,126.8208793,/ 마곡엠밸리11단지업무시설동 1105-104호 (마곡동/ 마곡엠밸리11단지)
더오름수학교습소,59,서울특별시 강서구 마곡중앙로 59-21,37.5591978,126.8260763,/ 322호 (마곡동/ 에이스타워2)
더조은음악교습소,25,서울특별시 강서구 곰달래로31길 24,37.5319175,126.8514372,1층 일부 (화곡동)
더프리머스영어교습소,6,서울특별시 강서구 까치산로26길 7,37.5507794,126.8527051,/ 3층 일부 (화곡동/ 미래빌딩)
더피아니스트음악교습소,22,서울특별시 강서구 수명로1길 110,37.5529465,126.8250463,택지개발지구 마곡수명산파크 3단지상가 204호 (내발산동)
도담수학교습소,108,서울특별시 강서구 강서로56나길 110,37.5635275,126.8434171,/ 부영아파트상가동 3층304호 (등촌동/ 부영아파트)
도레미피아노교습소,20,서울특별시 강서구 양천로67길 32,37.555035,126.8689633,신동아아파트 상가동 204호 (염창동)
도이치뮤지크음악교습소,10,서울특별시 강서구 양천로 23,37.572758,126.8063475,2층 일부 (방화동)
동아미술교습소,27,서울특별시 강서구 양천로69길 58,37.554456,126.8729524,염창동 동부A상가 306호 (염창동)
동화그리는아이미술교습소,6,서울특별시 강서구 강서로 348,37.5560356,126.840219,/ 상가2동 107호 (내발산동/ 우장산힐스테이트)
동화숲배움나무논술교습소,10,서울특별시 강서구 강서로50길 72,37.5547731,126.8405634,/ 상가 101동 306호 (내발산동/ 신세계아파트3차)
두빛나래수학교습소,36,서울특별시 강서구 곰달래로49길 76,37.5347407,126.856378,/ 칭찬근린상가2/ 3층 (화곡동)
드로잉아지트미술교습소,4,서울특별시 강서구 금낭화로23길 8,37.5795421,126.8121795,/ 203호 (방화동)
드림위드피아노교습소,8,서울특별시 강서구 공항대로41길 66,37.5605876,126.8465649,/ 4층402호 (등촌동/ 세신등촌종합상가)
등촌리드앤톡영어교습소,28,서울특별시 강서구 공항대로41길 50,37.5598495,126.846084,/ 506호 (등촌동/ 보고시티프라자)
등촌바하음악교습소,15,서울특별시 강서구 공항대로41길 51,37.5601978,126.8457639,/ 706호 (등촌동)
등촌브레이닝(BRAINING)수학교습소,30,서울특별시 강서구 공항대로41길 51,37.5601978,126.8457639,/ 412호 (등촌동)
등촌소리엘음악교습소,25,서울특별시 강서구 등촌로39길 46,37.5465116,126.8602834,1층 일부 (등촌동)
등촌원어민중국어교습소,35,서울특별시 강서구 공항대로41길 51,37.5601978,126.8457639,세신그린코아 714호 (등촌동)
등촌플라톤논술교습소,78,서울특별시 강서구 공항대로41길 66,37.5605876,126.8465649,/ 6층 602호 (등촌동/ 세신등촌종합상가)
뚜띠피아노교습소,20,서울특별시 강서구 마곡중앙로 59-21,37.5591978,126.8260763,/ 423호 (마곡동/ 에이스타워2)
라라(RARA)피아노교습소,10,서울특별시 강서구 곰달래로31길 8,37.5331138,126.851339,/ 5층일부 (화곡동)
라라키즈가든꽃꽂이교습소,9,서울특별시 강서구 마곡중앙1로 20,37.5591978,126.8260763,/ 421호 (마곡동)
라라피카소미술교습소,18,서울특별시 강서구 수명로2길 105,37.552046,126.8271858,/ 203호 (내발산동/ 마곡수명산파크5단지상가)
라온수학교습소,27,서울특별시 강서구 강서로68길 12,37.5661771,126.8415424,/ 3층 일부 (등촌동/ 인방빌딩)
라온피아노음악교습소,15,서울특별시 강서구 곰달래로33길 37,37.5325964,126.8515683,/ 1층일부 (화곡동/ 백운 인베스트 빌)
란쌤수학교습소,15,서울특별시 강서구 공항대로 140,37.5593177,126.8228149,/ 업무시설2동 207호 (마곡동/ 마곡엠밸리12단지)
랑아미술교습소,12,서울특별시 강서구 금낭화로 135,37.5774208,126.812426,/ 331호 (방화동/ 금강프라자빌딩)
랭귀지앤드비욘드영어교습소,20,서울특별시 강서구 강서로 254,37.5484157,126.8367396,/ 상가동 403호일부 (화곡동/ 우장산 아이파크 이편한세상)
레가토바이올린교습소,8,서울특별시 강서구 강서로 532,37.5720843,126.8432033,/ 109호 상가동 (가양동/ 동신아파트/대아아파트)
레인보우아트미술교습소,6,서울특별시 강서구 화곡로44나길 58,37.5493331,126.8505578,/ 2층 (화곡동)
로봇멘토과학교습소,45,서울특별시 강서구 공항대로41길 66,37.5605876,126.8465649,세신종합상가 5층 509호 (등촌동)
로지컬과학교습소,10,서울특별시 강서구 공항대로41길 51,37.5601978,126.8457639,/ 8층810호 (등촌동/ 세신그린코아빌딩)
류클라리넷플룻음악교습소,12,서울특별시 강서구 공항대로41길 51,37.5601978,126.8457639,/ 세신그린코아 219호 (등촌동)
르블루아뜰리에미술교습소,72,서울특별시 강서구 강서로46길 47,37.5508505,126.8390545,/ 1층 일부 (내발산동/ 동산빌딩)
리더투리더영어교습소,90,서울특별시 강서구 우현로 9,37.5467929,126.8442608,/ 3층 (화곡동)
리드나인영어교습소,78,서울특별시 강서구 공항대로41길 66,37.5605876,126.8465649,/ 403호 (등촌동/ 세신등촌종합상가)
리드나인주니어영어교습소,24,서울특별시 강서구 공항대로41길 51,37.5601978,126.8457639,/ 414호 (등촌동/ 세신그린코아빌딩)
리드앤톡강서발산영어교습소,15,서울특별시 강서구 마곡중앙1로 20,37.5591978,126.8260763,/ 314호 (마곡동/ 마곡 M시그니처)
리드인독서공진점논술교습소,45,서울특별시 강서구 마곡중앙1로 20,37.5591978,126.8260763,/ 206호 (마곡동/ 마곡 M시그니처)
리드인독서논술교습소,40,서울특별시 강서구 강서로45길 118,37.5504049,126.8316986,/ 1층 일부 (내발산동)
리드인독서논술염경논술교습소,32,서울특별시 강서구 양천로69길 58,37.554456,126.8729524,/ 309호 310호 (염창동/ 염창동아아파트)
리드인독서논술우장산점논술교습소,28,서울특별시 강서구 우현로 9,37.5467929,126.8442608,/ 1층 일부 (화곡동)
리드인마곡독서논술교습소,36,서울특별시 강서구 방화대로34길 73,37.5706608,126.8203623,/ 4층 (방화동)
리드인염동논술교습소,36,서울특별시 강서구 양천로75길 7,37.5500827,126.8750678,/ 3층 일부 (염창동/ 유니빌딩)
리드인염창독서논술교습소,45,서울특별시 강서구 양천로 646-31,37.5519446,126.8681295,/ 1층 일부 (염창동)
리드인화곡점독서논술교습소,18,서울특별시 강서구 초록마을로 37,37.5427391,126.8469305,/ 201호 (화곡동)
리딩버디영어교습소,32,서울특별시 강서구 양천로67길 77,37.5558806,126.8707885,/ 상가동 202호 (염창동/염창동우성아파트)
리딩빌영어교습소,36,서울특별시 강서구 공항대로65길 65,37.5504932,126.8706842,/ 2층 (염창동)
리딩패스웨이즈영어교습소,32,서울특별시 강서구 강서로 532,37.5720843,126.8432033,/ 상가동 204호 (가양동/동신아파트 대아아파트)
리쌤수학교습소,9,서울특별시 강서구 방화대로7길 29,37.5560491,126.8145388,/ 2층 일부 (공항동)
리틀다빈치미술교습소,54,서울특별시 강서구 양천로 108,37.5731149,126.8157501,/ 5층 일부 (방화동/은천빌딩A)
리틀벗그레이트미술교습소,9,서울특별시 강서구 금낭화로 287-19,37.5772126,126.8103621,/ 상가1동 201호 (방화동/ 방화5단지아파트)
리틀엔젤미술교습소,56,서울특별시 강서구 공항대로55길 14,37.5536731,126.8609485,/ 1층 일부 (등촌동)
리틀필즈창의수학교습소,12,서울특별시 강서구 공항대로38길 73,37.5571881,126.8416974,/ 2층 일부 (내발산동)
린기타우쿨렐레음악교습소,10,서울특별시 강서구 마곡중앙2로 35,37.5591978,126.8260763,/ 707호 (마곡동/ 이너매스마곡Ⅱ)
마곡공진해법영어교습소,27,서울특별시 강서구 공항대로 140,37.5593177,126.8228149,/ 마곡엠벨리12단지 판매시설3동(1202동) 112호 (마곡동)
마곡꿈꾸는음악교습소,128,서울특별시 강서구 마곡중앙1로 26,37.5591978,126.8260763,/ 405호 (마곡동/ 엠리체)
마곡엠밸리필아트미술교습소,10,서울특별시 강서구 마곡서1로 146,37.5553732,126.8181236,/ 상가동 105호 (마곡동/ 마곡엠밸리2단지)
마곡킹스수학교습소,35,서울특별시 강서구 마곡중앙1로 14,37.5591978,126.8260763,/ 302호 일부 (마곡동/ M밸리 W-TOWER Ⅳ)
마곡킹스영어교습소,32,서울특별시 강서구 마곡중앙1로 14,37.5591978,126.8260763,/ 302호 일부 (마곡동/ M밸리 W-TOWER Ⅳ)
마곡필아트미술교습소,10,서울특별시 강서구 공항대로 140,37.5593177,126.8228149,/ 마곡엠벨리12단지 판매시설2동(1201동) 110호 (마곡동)
마더수학교습소,6,서울특별시 강서구 강서로50길 72,37.5547731,126.8405634,/ 101동 406호 (내발산동/ 신세계아파트3차)
마루아트미술교습소,36,서울특별시 강서구 수명로1길 16,37.5512027,126.8232041,/ 상가동 204호 (내발산동)
마리음악교습소,4,서울특별시 강서구 까치산로27길 6,37.5517908,126.852384,/ 101호 (화곡동/ 마리빌리지)
마마젬마심리미술교습소,54,서울특별시 강서구 공항대로41길 52,37.5600127,126.8461878,/ 4층 일부 (등촌동/ 버들빌딩)
마음더하기미술그림속너의이야기미술교습소,5,서울특별시 강서구 화곡로13길 107,37.5443631,126.8315655,/ 상가 에이동 114호 (화곡동/ 화곡푸르지오)
마이뮤직음악교습소,61,서울특별시 강서구 공항대로39길 100,37.562539,126.8465439,/ 상가동 202호 (등촌동/ 대림아파트)
마이수학교습소,15,서울특별시 강서구 수명로 82,37.5534272,126.8264511,/ 201-1호 (내발산동/ 발산로얄타워)
마인드맵씨앗샘국어교습소,42,서울특별시 강서구 양천로 674,37.5512282,126.8711315,/ 2층 일부 (염창동)
마테마수학교습소,60,서울특별시 강서구 양천로59길 46,37.5610012,126.8600118,/ 2층 일부 (가양동/ 대일빌딩)
마티스의노랑고양이아뜰리에미술교습소,45,서울특별시 강서구 강서로45길 110,37.5501531,126.8318338,/ 1층 일부 (내발산동)
맑은소리음악교습소,20,서울특별시 강서구 곰달래로53길 121,37.5362517,126.8560098,(화곡동)
매니저수학교습소,90,서울특별시 강서구 수명로 76,37.5527162,126.8262608,/ 402호 일부 (내발산동/서울메디스테이트빌딩)
매선서화실서예교습소,18,서울특별시 강서구 공항대로4가길 22,37.5603795,126.8118635,/ 1층일부 (공항동)
매쓰마마수학교습소,90,서울특별시 강서구 등촌로39길 63-2,37.5470507,126.8596528,/ 1층 일부 (등촌동/ 더바인 클락타워)
매쓰매스(MassMath)수학교습소,29,서울특별시 강서구 강서로47다길 22,37.5517744,126.8340572,/ 101호 (내발산동/ 해피하우스)
매쓰앤보드수학교습소,63,서울특별시 강서구 마곡중앙1로 20,37.5591978,126.8260763,/ 412호 (마곡동/ 마곡 M시그니처)
매쓰팝놀이수학의힘수학교습소,32,서울특별시 강서구 양천로 497,37.5612647,126.8558686,/ 102호 (가양동/ 강나루2차현대아파트)
맷슨잉글리시(Matson English)영어교습소,63,서울특별시 강서구 양천로67길 77,37.5558806,126.8707885,/ 상가동 301호 (염창동/ 우성1차아파트)
머리가좋아지는바둑교실바둑교습소,84,서울특별시 강서구 금낭화로23길 25,37.5783299,126.8110723,방화6단지도시개발아파트 상가동 305호 (방화동)
멘토제이영어교습소,27,서울특별시 강서구 양천로75길 50,37.5518508,126.8756614,/ 2층 일부 (염창동/ 대운빌딩)
멜팅영어교습소,90,서울특별시 강서구 마곡중앙2로 15,37.5591978,126.8260763,/ 213 (마곡동/마곡테크노타워2)
명문바둑교습소,18,서울특별시 강서구 공항대로41길 65,37.5607165,126.8461057,/ 5층 505호 일부 (등촌동/ 그랜드종합상가)
모네아트미술교습소,8,서울특별시 강서구 화곡로13길 104,37.5445093,126.8332323,/ A-101 일부 (화곡동)
모아미술창작소미술교습소,45,서울특별시 강서구 화곡로13길 100,37.5443904,126.8330486,/ 2층 (화곡동)
목동영어교습소,70,서울특별시 강서구 공항대로 382,37.5554767,126.8484772,/ 203호 일부 (화곡동/ 우장산롯데캐슬아파트)
목동테솔해법영어교습소,6,서울특별시 강서구 양천로73가길 18,37.5508646,126.8733472,/ 1층 일부 (염창동)
목동한스영어교습소,4,서울특별시 강서구 등촌로51가길 15,37.5480287,126.8625904,/ 해태 골든팰리스 217호 (등촌동)
몬스터(Monster)영어교습소,42,서울특별시 강서구 공항대로42길 51-2,37.5554986,126.8430681,/ 201호 (내발산동/ 청우주택)
뮤렉스뮤직아카데미음악교습소,45,서울특별시 강서구 강서로 254,37.5484157,126.8367396,/ 404호 (화곡동/ 우장산 아이파크 이편한세상)
뮤엠영어가양1영어교습소,35,서울특별시 강서구 허준로 176,37.561996,126.8571387,/ 상가동 203호 (가양동/가양도시개발공사아파트)
뮤엠영어교습소,49,서울특별시 강서구 화곡로24길 44,37.5390316,126.8389538,/ 2층 (화곡동/동강서예학원)
뮤엠영어내발산캠퍼스영어교습소,18,서울특별시 강서구 강서로46길 43,37.5508345,126.8388895,/ 1층 (내발산동)
뮤엠영어등촌캠퍼스영어교습소,126,서울특별시 강서구 공항대로39길 100,37.562539,126.8465439,/ 등촌대림아파트상가 203호 (등촌동/ 대림아파트)
뮤엠영어발산영어교습소,21,서울특별시 강서구 강서로 348,37.5560356,126.840219,/ 상가2동 105호 (내발산동/ 우장산힐스테이트)
뮤엠영어발산초영어교습소,40,서울특별시 강서구 강서로45길 118,37.5504049,126.8316986,/ 1층 일부 (내발산동)
뮤엠영어방화역영어교습소,48,서울특별시 강서구 금낭화로 145,37.5782534,126.8127841,/ 217호 (방화동/ 에어뷰21-1오피스텔)
뮤엠영어수명산점영어교습소,72,서울특별시 강서구 수명로 68-11,37.5522512,126.8265295,/ 702호 (내발산동/ 발산타워)
뮤엠영어신정교습소,36,서울특별시 강서구 곰달래로33가길 35,37.5319538,126.8530365,/ 1층일부 (화곡동)
뮤엠영어토론토캠퍼스영어교습소,14,서울특별시 강서구 까치산로4길 35,37.5413282,126.8451847,/ 2층 (화곡동)
뮤엠영어피닉스영어교습소,60,서울특별시 강서구 곰달래로53길 128,37.5366319,126.8559146,/ 101호 (화곡동)
뮤엠영어화곡푸르지오영어교습소,56,서울특별시 강서구 화곡로13길 107,37.5443631,126.8315655,/ 상가에이동 202호 (화곡동/ 화곡푸르지오)
뮤즈연세음악교습소,64,서울특별시 강서구 공항대로 382,37.5554767,126.8484772,우장산롯데낙천대아파트 상가동 302호 (화곡동)
뮤즈음악교습소,20,서울특별시 강서구 양천로 691-7,37.5506247,126.8732263,/ 201호 (염창동/ 주원베르빌)
뮤즈이화음악교습소,24,서울특별시 강서구 우현로 26,37.5480734,126.8431716,/ 우장산에스케이뷰 101동 비104호 (화곡동/우장산 에스케이 뷰)
뮤직앤스토리음악교습소,24,서울특별시 강서구 강서로46길 39,37.5508448,126.8386585,1층 일부 (내발산동)
뮤직트리음악교습소,17,서울특별시 강서구 마곡중앙3로 74,37.5591978,126.8260763,/ 상가 202호 (마곡동/마곡힐스테이트아파트)
미술공간미술교습소,49,서울특별시 강서구 방화대로7길 40,37.556165,126.8139699,/ 1층 일부 (공항동)
미아넷영어교습소,12,서울특별시 강서구 강서로16길 88,37.5334881,126.851076,/ 1층 일부 (화곡동)
미예뜰미술교습소,14,서울특별시 강서구 공항대로41길 51,37.5601978,126.8457639,세신그린코아 5층 507호 (등촌동)
민스뮤직바이올린플루트음악교습소,12,서울특별시 강서구 강서로 242,37.547226,126.8367128,/ 217호 (화곡동/ 강서힐스테이트)
바른길수학교습소,56,서울특별시 강서구 공항대로41길 50,37.5598495,126.846084,/ 501호 (등촌동/ 보고시티프라자)
바흐음악교습소,30,서울특별시 강서구 강서로16길 88,37.5334881,126.851076,(화곡동)
바흐피아노교습소,15,서울특별시 강서구 가로공원로84길 7,37.5371343,126.8403512,(화곡동)
박규선전문과학교습소,70,서울특별시 강서구 강서로 327,37.555001,126.8368036,/ 5층일부 (내발산동/ 원영빌딩)
박미란수학교습소,18,서울특별시 강서구 마곡중앙로 59-17,37.5591978,126.8260763,/ 207호 (마곡동/ 류마타워2)
방화뮤엠영어교습소,90,서울특별시 강서구 양천로14길 66,37.570304,126.8091476,/ 2층 좌측 (방화동)
방화베스트해법영어교습소,35,서울특별시 강서구 양천로14길 118,37.5681192,126.8082734,/ 201호 일부 (방화동/ 방화3차우림필유 상가동)
배움수학교습소,36,서울특별시 강서구 월정로30길 80,37.5351368,126.8401796,/ 1층 일부 (화곡동)
배움찬수학교습소,12,서울특별시 강서구 강서로45길 41,37.5476448,126.8337719,/ 501호 일부 (화곡동/ 수명연립및수명연립덕현상가)
백합피아노음악교습소,40,서울특별시 강서구 양천로 601,37.5556228,126.8654244,/ 3층 일부 (염창동)
버클리기타교습소,15,서울특별시 강서구 공항대로 269-15,37.5593184,126.8374706,/ 204호 일부 (마곡동/ 힐스테이트 에코 마곡)
버클리실용음악교습소,44,서울특별시 강서구 공항대로 269-15,37.5593184,126.8374706,/ 204호 일부 (마곡동/ 힐스테이트 에코 마곡)
베리타스수학교습소,9,서울특별시 강서구 강서로 242,37.547226,126.8367128,/ 상가동 201호 일부 (화곡동/ 강서힐스테이트)
베짱이한문교습소,64,서울특별시 강서구 양천로67길 15,37.5550067,126.8675071,외1필지 2층일부 (염창동)
보컬리즈음악교습소,40,서울특별시 강서구 공항대로 186,37.5590914,126.8279516,/ 402호 (마곡동/ 로뎀타워)
볼륨기타교습소,32,서울특별시 강서구 공항대로36가길 17,37.5530152,126.8346128,/ 1층일부 (내발산동)
볼륨드럼음악교습소,40,서울특별시 강서구 강서로45길 174,37.5527978,126.8305873,/ 305호 (내발산동/ 수명산씨티)
봄피아노음악교습소,45,서울특별시 강서구 공항대로42길 61,37.5552938,126.8428551,/ 2층 (내발산동/동서빌딩)
봉쥬르아트미술교습소,72,서울특별시 강서구 공항대로 124,37.5592681,126.8208793,/ 1105-116호 (마곡동/ 마곡엠밸리11단지 업무시설동)
브레인맥스영어교습소,27,서울특별시 강서구 우장산로2길 45,37.5526753,126.8373354,/ 2층 일부 (내발산동/ 연무빌딩)
브리즈음악교습소,42,서울특별시 강서구 공항대로 140,37.5593177,126.8228149,/ 마곡엠밸리12단지 판매시설2동(1201동) 111호의일부 (마곡동)
블라썸뮤엠영어교습소,36,서울특별시 강서구 양천로71가길 22,37.552049,126.8733927,/ 상가동 105호 (염창동/ 휴먼빌아파트)
블루라벨수학교습소,10,서울특별시 강서구 양천로73길 62,37.5527188,126.8743695,/ 1층 일부 (염창동)
비끄아트강서마곡점미술교습소,18,서울특별시 강서구 마곡서로 133,37.5764888,126.8307466,/ 713동204호 (마곡동/ 마곡엠밸리7단지)
비바체음악교습소,48,서울특별시 강서구 강서로47길 86,37.5531772,126.8313124,/ 3층 일부 (내발산동)
비바체피아노교습소,20,서울특별시 강서구 강서로12길 31,37.5320249,126.8486772,1층 일부 (화곡동)
비법수학교습소,56,서울특별시 강서구 곰달래로31다길 8,37.5336555,126.8528305,/ 1층 일부 (화곡동)
비상잉글리시아이등촌영어교습소,30,서울특별시 강서구 공항대로41길 66,37.5605876,126.8465649,/ 3층 325/326호 (등촌동/ 세신등촌종합상가)
비상잉글리시아이방화점영어교습소,56,서울특별시 강서구 방화대로34길 92,37.5705759,126.820657,/ 3층일부 (방화동/ 불해빌딩)
비상잉글리시아이영어교습소,72,서울특별시 강서구 수명로 76,37.5527162,126.8262608,/ 서울메디스테이트빌딩 701호 일부 (내발산동)
비상잉글리시아이화곡신곡초점영어교습소,63,서울특별시 강서구 등촌로13자길 74,37.5374374,126.8536835,/ 태영방송인아파트 상가동 203호 (화곡동/태영방송인아파트)
비에스영어교습소,12,서울특별시 강서구 강서로 310,37.5533163,126.8369158,/ 2층 일부 (내발산동)
비키영어교습소,18,서울특별시 강서구 화곡로13길 107,37.5443631,126.8315655,/ 203호 (화곡동/ 화곡푸르지오 상가씨동)
비파피아노교습소,3,서울특별시 강서구 화곡로 176,37.5417177,126.8413518,/ 1층  (화곡동)
빅토리아영어교습소,9,서울특별시 강서구 강서로45길 42,37.5480582,126.8338368,/ 1층 일부 (내발산동/ 미래빌딩)
빈바이올린첼로음악교습소,18,서울특별시 강서구 금낭화로 145,37.5782534,126.8127841,/ 201호 (방화동/ 에어뷰21-1오피스텔)
빈스바이올린교습소,9,서울특별시 강서구 양천로 691-3,37.5505352,126.8730986,/ 2층 일부 (염창동)
빈클래식음악교습소,20,서울특별시 강서구 마곡중앙1로 20,37.5591978,126.8260763,/ 211호 (마곡동/ 마곡 M시그니처)
빌드업영어교습소,40,서울특별시 강서구 마곡중앙1로 20,37.5591978,126.8260763,/ 309호 (마곡동/ 마곡 M시그니처)
빛나는음악교습소,30,서울특별시 강서구 양천로 637,37.5544448,126.8682026,/ 상가동 205호 (염창동/ 한마음삼성아파트)
뿌리컴퓨터교습소,36,서울특별시 강서구 강서로47길 30,37.5528591,126.8345044,/ 3층 일부 (내발산동/ 지산빌딩)
쁘아쁘아아트스튜디오미술교습소,10,서울특별시 강서구 마곡서로 101,37.5764888,126.8307466,/ 144호 일부 (마곡동/ 동익 드 미라벨 복합빌딩)
사과나무미술교습소,35,서울특별시 강서구 강서로31길 52,37.5392811,126.8387621,2층 일부 (화곡동)
삼성수학교습소,20,서울특별시 강서구 공항대로59길 42,37.5535002,126.8637567,/ 2층 (등촌동)
삼성영어공진교실영어교습소,24,서울특별시 강서구 공항대로 140,37.5593177,126.8228149,/ / 업무시설 2동 201호 (마곡동/ 마곡엠밸리12단지)
상상마루미술교습소,30,서울특별시 강서구 양천로 731,37.5496273,126.8777658,외 1필지 염창동동아3차아파트 309동 201-1호 (염창동)
상상바이올린교습소,6,서울특별시 강서구 공항대로38길 57,37.5572754,126.8406684,/ 1층 일부 (내발산동/ 문화빌딩)
상상키움미술교습소,36,서울특별시 강서구 공항대로41길 66,37.5605876,126.8465649,404호 (등촌동)
새암서예교습소,9,서울특별시 강서구 개화동로25길 55-5,37.565393,126.8090141,1층 (방화동)
새열린피아노음악교습소,10,서울특별시 강서구 공항대로38길 73,37.5571881,126.8416974,/ 2층일부 (내발산동)
샐리스잉글리쉬(Sally`s English)영어교습소,6,서울특별시 강서구 양천로73길 24,37.5514161,126.8736376,/ 상가동 103호 (염창동/ 염창힐스테이트)
샘솟는영어교습소,32,서울특별시 강서구 강서로 348,37.5560356,126.840219,/ 상가1동 317호 (내발산동/우장산힐스테이트)
생각날개독서논술교습소,9,서울특별시 강서구 공항대로36길 103,37.5539034,126.8361506,/ 203호 (내발산동/ 천우네오젠)
생각의힘에주목하는논술교습소,17,서울특별시 강서구 곰달래로31가길 84,37.5323281,126.8560438,/ 1층일부 (화곡동)
생각이반짝수학교습소,4,서울특별시 강서구 강서로68길 108,37.5637903,126.8459677,/ 117호 (등촌동/ 등촌동성아파트상가)
생명나무수학교습소,12,서울특별시 강서구 곰달래로 164,37.5306701,126.8511158,/ 3층 (화곡동/ 벽석빌딩)
샤음악교습소,72,서울특별시 강서구 양천로 507,37.5607332,126.8568025,/ 상가동 304호 일부/ 305호 (가양동/ 강나루현대아파트)
서당독서논술교습소,5,서울특별시 강서구 곰달래로31가길 22,37.5319036,126.852596,1층 일부 (화곡동)
서울스카이수학교습소,15,서울특별시 강서구 금낭화로 145,37.5782534,126.8127841,/ 204호 (방화동/ 에어뷰21-1오피스텔)
서울홍익미술교습소,8,서울특별시 강서구 까치산로10길 73,37.5408404,126.847831,성진빌딩 1층 일부 (화곡동)
서희음악교습소,49,서울특별시 강서구 가로공원로76길 29,37.5356554,126.8375714,/ 2층 일부 (화곡동/성은교회)
선진과학교습소,20,서울특별시 강서구 강서로45길 34-2,37.5480371,126.8342581,/ 2층 (내발산동)
성문수학교습소,35,서울특별시 강서구 곰달래로31가길 11,37.5319661,126.8518879,/ 1층 (화곡동)
세명미술교습소,45,서울특별시 강서구 까치산로26길 7,37.5507794,126.8527051,/ 3층일부 (화곡동/ 미래빌딩)
세종수학교습소,12,서울특별시 강서구 강서로47길 19,37.5524629,126.8350775,/ 2층 일부 (내발산동/ 발산시장)
셈이팡주산교습소,21,서울특별시 강서구 마곡중앙로 59-21,37.5591978,126.8260763,/ 424호 (마곡동/ 에이스타워2)
소담스쿨수학교습소,10,서울특별시 강서구 양천로14길 118,37.5681192,126.8082734,/ 201호 일부 (방화동/ 방화3차우림필유 상가동)
소담피아노교습소,12,서울특별시 강서구 양천로69길 58 ,37.554456,126.8729524,외 1필지 염창동아아파트 상가 204호 (염창동)
소리숲피아노교습소,20,서울특별시 강서구 화곡로31다길 20,37.5451951,126.8383592,/ 상가B동 204호 (화곡동)
손샘사회교습소,15,서울특별시 강서구 등촌로39나길 5,37.5461774,126.8607536,/ 동원베르사체 101호 일부 (등촌동)
손샘수학교습소,18,서울특별시 강서구 강서로48길 21,37.552617,126.8377279,/ 1층 일부 (내발산동)
솔루션수학교습소,30,서울특별시 강서구 등촌로 61,37.5354677,126.8631818,/ 3층 (화곡동)
솔빛수학교습소,42,서울특별시 강서구 화곡로13길 107,37.5443631,126.8315655,/ 제상가에이 203호 (화곡동/ 화곡푸르지오)
송화스마트해법수학교습소,8,서울특별시 강서구 방화대로 294,37.5669694,126.8170602,/ 120호 일부 (마곡동/ 마곡더블유타워)
쇼팽과피아노음악교습소,20,서울특별시 강서구 까치산로4길 67-9,37.5403667,126.8467419,/ 1층 (화곡동)
쇼팽피아노음악교습소,40,서울특별시 강서구 강서로56나길 41,37.5612159,126.8416215,등촌3단지주공아파트 상가동 2층 201호 (등촌동)
수(Soo)영어교습소,21,서울특별시 강서구 마곡중앙6로 21,37.5591978,126.8260763,/ 608호 (마곡동/ 이너매스 마곡)
수명고운소리음악교습소,5,서울특별시 강서구 수명로2가길 22,37.5480013,126.8225709,/ 상가동 202호 (내발산동/ 마곡수명산파크7단지아파트)
수명미술교습소,54,서울특별시 강서구 수명로 82,37.5534272,126.8264511,/ 201-2호 (내발산동/ 발산로얄타워)
수미피아노교습소,5,서울특별시 강서구 강서로17길 130,37.5321274,126.8385302,/ 1층 일부 (화곡동)
수쌤창의사고력수학교습소,42,서울특별시 강서구 수명로 80,37.5531859,126.8263802,/ 404호 (내발산동/ 베스트프라자빌딩)
수정음악교습소,25,서울특별시 강서구 양천로69길 58,37.554456,126.8729524,/ 상가 301호 일부 (염창동/ 염창동아아파트)
수풀수학교습소,9,서울특별시 강서구 양천로 637,37.5544448,126.8682026,/ 202호 (염창동/ 한마음삼성아파트 상가동)
수학더올림수학교습소,4,서울특별시 강서구 양천로 663-1,37.5521584,126.8707881,/ 나호 2층 (염창동/ 성지교회)
수학디엔에이수학교습소,10,서울특별시 강서구 공항대로41길 65,37.5607165,126.8461057,3층 302호 (등촌동)
수학스토리수학교습소,40,서울특별시 강서구 등촌로13다길 32-25,37.5356069,126.8584603,/ 1층 일부 (화곡동)
수학은채쌤수학교습소,72,서울특별시 강서구 공항대로 103,37.5533338,126.8510294,/ 301호 (마곡동/ 마곡 엠밸리 9단지 업무시설동)
수학의달인내발산초점수학교습소,24,서울특별시 강서구 우장산로2길 9,37.5541963,126.837803,/ 1층 일부 (내발산동)
수학하다수학교습소,49,서울특별시 강서구 마곡중앙1로 20,37.5591978,126.8260763,/ 321호 (마곡동/ 마곡M시그니처)
숙명더음악교습소,25,서울특별시 강서구 강서로 348,37.5560356,126.840219,/ 1-216 (내발산동/ 우장산힐스테이트)
숙명린피아노음악교습소,32,서울특별시 강서구 등촌로13자길 39,37.5379153,126.8556653,/ 1층 일부 (화곡동)
슈만음악교습소,20,서울특별시 강서구 등촌로5가길 23,37.5338599,126.860244,1층 일부 (화곡동)
슈퍼매스수학교습소,12,서울특별시 강서구 허준로 47,37.5703714,126.8474442,/ 가양도시개발공사아파트 상가2층 201호 (가양동/ 가양2단지아파트)
스마일잉글리쉬영어교습소,63,서울특별시 강서구 공항대로41길 66,37.5605876,126.8465649,/ 507-1호 (등촌동/ 세신등촌종합상가)
스마트해법수학마곡연세수학교습소,25,서울특별시 강서구 방화대로34길 57,37.5703097,126.8195811,/ 3층 (방화동)
스마트해법수학염창점수학교습소,24,서울특별시 강서구 양천로67길 77,37.5558806,126.8707885,/ 203호 (염창동/ 우성1차아파트 상가)
스카이뮤직(Sky Music)음악교습소,13,서울특별시 강서구 우현로 16,37.5472642,126.8438087,/ 1층 일부 (화곡동/ 주경빌딩)
스톤즈영어교습소,18,서울특별시 강서구 화곡로13길 107,37.5443631,126.8315655,/ 화곡푸르지오 상가에이동 204호 (화곡동/화곡푸르지오)
시시로미술교습소,32,서울특별시 강서구 초록마을로18길 20,37.5408659,126.8497045,/ 101호 (화곡동/ 뉴타워빌)
신동중국어교습소,16,서울특별시 강서구 허준로 198,37.5612683,126.8602465,가양플라자 404호일부 (가양동)
신미라수학교습소,5,서울특별시 강서구 공항대로53가길 7,37.5541211,126.8593821,/ 2층 일부 (등촌동)
신서당논술교습소,56,서울특별시 강서구 마곡중앙4로 74,37.5591978,126.8260763,/ 307호 (마곡동/ 이웰메디파크)
신정마리음악교습소,12,서울특별시 강서구 곰달래로33길 60,37.533512,126.8519536,/ 1층 (화곡동)
썬재즈앤피아노음악교습소,30,서울특별시 강서구 방화대로34길 92,37.5705759,126.820657,/ 3층 일부 (방화동/ 불해빌딩)
쎈수학러닝센터수명산파크수학교습소,99,서울특별시 강서구 수명로1길 16,37.5512027,126.8232041,택지개발지구 4블럭 마곡수명산파트4단지상가 201호 (내발산동)
쎈수학러닝쎈터발산수학교습소,96,서울특별시 강서구 공항대로36길 73,37.5552482,126.8365654,/ 104호일부 (내발산동/ 문성빌라)
쏙쏙논술교습소,3,서울특별시 강서구 강서로16길 88,37.5334881,126.851076,/ 1층 일부 (화곡동)
쑥쑥수학교실수학교습소,24,서울특별시 강서구 우장산로4길 83,37.5508575,126.8384806,1층 일부 (내발산동)
씨스꿀컴퓨터교습소,7,서울특별시 강서구 공항대로 194,37.5533338,126.8510294,/ 208호 (마곡동/ 문영 퀸즈파크12차)
아!창작코딩교육마곡컴퓨터교습소,117,서울특별시 강서구 공항대로 140,37.5593177,126.8228149,/ 업무시설2동 1202동 208호 (마곡동/마곡엠밸리12단지)
아뜰리에미술교습소,18,서울특별시 강서구 양천로67길 99,37.5555315,126.8713121,4층 일부 (염창동)
아띠랩미술교습소,36,서울특별시 강서구 공항대로41길 51,37.5601978,126.8457639,/ 4층 403호 (등촌동/ 세신그린코아빌딩)
아르떼음악교습소,4,서울특별시 강서구 송정로 34,37.558072,126.8112358,2층일부 (공항동)
아르틴음악교습소,21,서울특별시 강서구 마곡중앙1로 20,37.5591978,126.8260763,/ 404호 (마곡동/ 마곡 M시그니처)
아름드리미술교습소,56,서울특별시 강서구 강서로47길 113,37.5531968,126.8298352,성호빌딩 302호 일부 (내발산동)
아엘음악교습소,20,서울특별시 강서구 공항대로 140,37.5593177,126.8228149,/ 업무시설1동 1201동 208호 (마곡동/ 마곡엠밸리12단지)
아이꿈음악교습소,35,서울특별시 강서구 등촌로13바길 48,37.5357453,126.8571208,/ 1층 (화곡동)
아이맥스잉글리쉬영어교습소,45,서울특별시 강서구 공항대로41길 65,37.5607165,126.8461057,/ 3층301호 (등촌동/ 그랜드종합상가)
아이아트미술교습소,22,서울특별시 강서구 수명로 76,37.5527162,126.8262608,/ 402호일부 (내발산동/서울메디스테이트빌딩)
아이파크그림아트스튜디오미술교습소,27,서울특별시 강서구 등촌로 163,37.5437876,126.8604505,/ 제 주상가동 3층 301호 (등촌동/ 등촌동아이파크)
아인음악교습소,25,서울특별시 강서구 공항대로41길 76,37.560928,126.8468189,402호 일부 (등촌동)
아토즈영어교습소,10,서울특별시 강서구 곰달래로31길 8,37.5331138,126.851339,/ 4층 일부 (화곡동)
아트링융합미술교습소,72,서울특별시 강서구 수명로 78,37.5529827,126.8263291,/ 401호 일부 (내발산동/ 새롬프라자)
아트아이창작소미술교습소,45,서울특별시 강서구 공항대로 124,37.5592681,126.8208793,/ 업무시설동 1층 1105-108호 (마곡동/마곡엠밸리11단지)
아트앤하트마곡엠밸리미술교습소,88,서울특별시 강서구 공항대로 140,37.5593177,126.8228149,/ 204호 (마곡동/ 마곡엠밸리12단지업무시설 1동)
아트엘미술교습소,18,서울특별시 강서구 마곡중앙4로 22,37.5591978,126.8260763,/ A224호 (마곡동/ 파인스퀘어)
아트주미술교습소,36,서울특별시 강서구 초록마을로5길 7,37.5430271,126.84708,/ 1층 일부 (화곡동)
아트클래스토토미술교습소,12,서울특별시 강서구 마곡중앙1로 20,37.5591978,126.8260763,/ 413호 (마곡동/ 마곡 M시그니처)
아트필미술교습소,56,서울특별시 강서구 화곡로13길 107,37.5443631,126.8315655,/ 제상가에이 206호 (화곡동/ 화곡푸르지오)
아트홍대미술교습소,88,서울특별시 강서구 공항대로59다길 83,37.5519502,126.8677684,1층 일부 (염창동)
아트홍익미술교습소,45,서울특별시 강서구 양천로73길 56-2,37.5524811,126.8745756,1층 (염창동)
아티트럼펫교습소,1,서울특별시 강서구 강서로 532,37.5720843,126.8432033,/ 상가동 107호 (가양동/ 동신아파트/대아아파트)
아티하우스(ARTIHAUS)미술교습소,70,서울특별시 강서구 공항대로 124,37.5592681,126.8208793,/ 업무시설동 1106-204호 (마곡동/ 마곡엠밸리11단지)
안다영어교습소,21,서울특별시 강서구 양천로69길 58,37.554456,126.8729524,/ 염창동아아파트상가 301호 일부 (염창동/ 염창동아아파트)
안쌤과학교습소,18,서울특별시 강서구 우장산로2길 24,37.5536433,126.837369,/ 1층 일부(중간) (내발산동)
알맹이수학교습소,24,서울특별시 강서구 양천로69길 58,37.554456,126.8729524,/ 상가동 308호 (염창동/ 염창동아아파트)
알바트로스수학교습소,12,서울특별시 강서구 까치산로 127,37.5491339,126.850734,/ 2층 일부 (화곡동)
알유티씨영어교습소,49,서울특별시 강서구 등촌로13바길 28-3,37.5363226,126.8577456,/ 1층일부 (화곡동)
알풀만수학교습소,30,서울특별시 강서구 공항대로41길 44,37.5596888,126.8459608,/ 402호 (등촌동/ 아카데미프라자)
애드나인실용음악교습소,9,서울특별시 강서구 양천로 687,37.5507116,126.8726093,/ 301호 (염창동)
애플국어/박지연논술교습소,28,서울특별시 강서구 초원로 39,37.5678765,126.8099379,/ 4층 (방화동)
애플미술교습소,32,서울특별시 강서구 허준로 23,37.571269,126.8448731,한강아파트 상가동 2층 209호 (가양동)
애플수학교습소,14,서울특별시 강서구 초원로 39,37.5678765,126.8099379,/ 3층 (방화동/ 교회복지사협회)
앨리스미술창작소미술교습소,5,서울특별시 강서구 수명로1길 110,37.5529465,126.8250463,/ 마곡수명산파크3단지 201호 (내발산동/마곡수명산파크3단지)
앨리의행복한영어교습소,6,서울특별시 강서구 곰달래로31가길 20,37.5318798,126.8524651,/ 1층일부 (화곡동)
에르데네미술교습소,4,서울특별시 강서구 마곡중앙로 76,37.5591978,126.8260763,/ 323호 (마곡동/ 힐스테이트에코마곡역)
에센스영어교습소,72,서울특별시 강서구 양천로67길 32,37.555035,126.8689633,/ 상가동 201호 (염창동/ 신동아아파트)
에센스음악교습소,45,서울특별시 강서구 공항대로71길 31,37.5487744,126.872325,/ 상가동 202호 (염창동/ 극동상록수아파트)
에스디엘수학교습소,18,서울특별시 강서구 강서로31길 45,37.539225,126.8390979,1층일부 (화곡동)
에스앤드유(S.&.U)음악교습소,45,서울특별시 강서구 공항대로41길 75,37.5611045,126.8463464,/ 402호 (등촌동)
에스앤씨잉글리쉬영어교습소,36,서울특별시 강서구 공항대로 124,37.5592681,126.8208793,/ 마곡엠밸리11단지 업무시설동/ 1105동 105호 (마곡동/ 마곡엠밸리11단지)
에스앤피창의수학교습소,24,서울특별시 강서구 초록마을로 38,37.5425568,126.8469921,/ (2층) (화곡동)
에스엘(SL)과학교습소,24,서울특별시 강서구 공항대로41길 51,37.5601978,126.8457639,/ 세신그린코아빌딩 4층 415호 (등촌동)
에스엠(SM)영어교습소,84,서울특별시 강서구 공항대로41길 75,37.5611045,126.8463464,/ 5층 503호 일부 (등촌동/ 경원프라자)
에스엠열린미술교습소,20,서울특별시 강서구 방화대로48길 40,37.574644,126.8189919,도시개발A상가307 (방화동)
에이스영어교습소,15,서울특별시 강서구 공항대로41길 65,37.5607165,126.8461057,/ 4층 403호 (등촌동/ 그랜드종합상가)
에이치에스(HS)영어교습소,135,서울특별시 강서구 마곡서로 56,37.5764888,126.8307466,/ 302호/ 마곡에스비타워Ⅲ (마곡동)
에이투(A2)수학교습소,6,서울특별시 강서구 우장산로2길 24,37.5536433,126.837369,/ 1층 일부 (내발산동)
에이투지영어교습소,42,서울특별시 강서구 공항대로41길 75,37.5611045,126.8463464,/ 403호 (등촌동/ 경원프라자)
에이플러스애플영어교습소,28,서울특별시 강서구 초원로 39,37.5678765,126.8099379,2층 (방화동)
에토즈실용음악교습소,18,서울특별시 강서구 공항대로 247,37.5533338,126.8510294,/ 338호 (마곡동/ 퀸즈파크나인)
엘바이올린/첼로음악교습소,27,서울특별시 강서구 공항대로 269-15,37.5593184,126.8374706,/ 215호 (마곡동/ 힐스테이트 에코 마곡)
엘바이올린음악교습소,21,서울특별시 강서구 양천로69길 58,37.554456,126.8729524,/ 상가동 206호 (염창동/ 염창동아아파트)
엘앤드비영어교습소,27,서울특별시 강서구 강서로 254,37.5484157,126.8367396,/ 상가동 403호일부 (화곡동/ 우장산 아이파크 이편한세상)
엠(M)9단지바둑교습소,27,서울특별시 강서구 공항대로 103,37.5533338,126.8510294,/ 603호 (마곡동/ 마곡 엠밸리 9단지 업무시설동)
엠베스트방화수학교습소,12,서울특별시 강서구 방화대로47길 55,37.5755568,126.8129764,/ 상가동 2층201호/ 2층202호 일부 (방화동/ 방화3단지아파트)
엠베스트방화영어교습소,9,서울특별시 강서구 방화대로47길 55,37.5755568,126.8129764,/ 상가동 2층202호 (방화동/ 방화3단지아파트)
엠제이음악교습소,20,서울특별시 강서구 양천로73길 15,37.5515342,126.8725981,2층 (염창동)
엠탑수학교습소,32,서울특별시 강서구 강서로47길 26,37.5528329,126.8347662,/ 2층 일부 (내발산동/ 프린시피아학원)
여울영어교습소,54,서울특별시 강서구 마곡중앙1로 26,37.5591978,126.8260763,/ 206호 (마곡동/ 엠리체)
연곡한자교습소,45,서울특별시 강서구 등촌로51라길 33,37.5484615,126.8624401,1층 (등촌동)
연산쑥쑥주산교습소,28,서울특별시 강서구 강서로17길 134,37.5320343,126.8383223,/ 3층 일부 (화곡동/ 영주빌딩)
연세소수정예영어교습소,27,서울특별시 강서구 곰달래로 188,37.5311661,126.8524604,/ 2층 일부 (화곡동/ 소강빌)
연세수학교습소,28,서울특별시 강서구 공항대로 382,37.5554767,126.8484772,/ 203호 일부 (화곡동/ 우장산롯데캐슬아파트)
연세윤(允)국어교습소,45,서울특별시 강서구 강서로47길 108,37.5543232,126.8300338,/ 201호 (내발산동/ 마곡수명산파크1단지상가1동)
염창가온수학교습소,5,서울특별시 강서구 양천로71가길 22,37.552049,126.8733927,일신건영휴먼빌아파트 상가동 102호 (염창동)
염창독서논술교습소,65,서울특별시 강서구 양천로 637,37.5544448,126.8682026,/ 상가동 203호 (염창동/ 한마음삼성아파트)
염창한솔플러스수학교습소,63,서울특별시 강서구 양천로67길 32,37.555035,126.8689633,신동아아파트 상가동 202호 (염창동)
염창화가마을미술교습소,56,서울특별시 강서구 양천로67길 77,37.5558806,126.8707885,외 1필지 상가 201호 (염창동)
영광피아노교습소,30,서울특별시 강서구 곰달래로 165,37.5309237,126.85125,/ 2층일부 (화곡동/서울비젼교회)
영어독서클럽영어교습소,28,서울특별시 강서구 공항대로41길 51,37.5601978,126.8457639,/ 515호 (등촌동)
예림음악교습소,20,서울특별시 강서구 공항대로42길 54-6,37.5556868,126.8425944,3층 일부 (내발산동)
예술램프미술교습소,18,서울특별시 강서구 강서로50길 72,37.5547731,126.8405634,/ 101동 206호 (내발산동/ 신세계아파트3차)
예술의정원미술교습소,27,서울특별시 강서구 마곡서1로 115-1,37.5553732,126.8181236,/ 203호일부 (마곡동/ 마곡헤리움1차)
예아띠미술교습소,36,서울특별시 강서구 화곡로14길 5,37.5393529,126.8341557,/ 2층 (화곡동/ 신도리코)
예음음악교습소,30,서울특별시 강서구 금낭화로23길 8,37.5795421,126.8121795,동성상가 210호 (방화동)
예일미술교습소,80,서울특별시 강서구 양천로69길 11,37.5530762,126.8703759,/ 202호 (염창동)
예홍미술교습소,63,서울특별시 강서구 공항대로 140,37.5593177,126.8228149,/ 1201동 상가 210호 (마곡동)
오르다국어교습소,42,서울특별시 강서구 강서로45길 49-10,37.5474329,126.8329287,/ 1층 일부 (내발산동)
오르프피아노교습소,5,서울특별시 강서구 허준로 76,37.568067,126.8489569,/ 상가동 208호 (가양동/한보구암마을아파트)
오름수학교습소,8,서울특별시 강서구 강서로45가길 9,37.5475227,126.8356399,/ 4층 (화곡동)
오베르미술교습소,54,서울특별시 강서구 금낭화로 93,37.5737136,126.8113132,/ 2층 (방화동)
오선생미술교습소,24,서울특별시 강서구 등촌로 163,37.5437876,126.8604505,/ 부상가동 비02호 (등촌동/ 등촌동아이파크)
오펜피아노교습소,5,서울특별시 강서구 양천로73길 80,37.5538449,126.8741556,/ 한강동아아파트 상가 106호 (염창동/한강동아아파트)
오하요일본어교습소,7,서울특별시 강서구 강서로 150,37.5403069,126.8417346,/ 2층 일부 (화곡동)
오하쿤스트미술교습소,36,서울특별시 강서구 강서로56나길 110,37.5635275,126.8434171,/ 상가동 2층207호 (등촌동/ 부영아파트)
옥셈주산암산교습소,28,서울특별시 강서구 우현로 26,37.5480734,126.8431716,/ 101동  비103호 일부 (화곡동/ 우장산 에스케이 뷰)
온더스피치교습소,7,서울특별시 강서구 등촌로39바길 6,37.5467705,126.8603078,/ 1층일부 (등촌동)
올(all)바른영어교습소,18,서울특별시 강서구 공항대로41길 51,37.5601978,126.8457639,/ 701호 (등촌동/ 세신그린코아빌딩)
올리브의영어교습소,15,서울특별시 강서구 마곡중앙1로 20,37.5591978,126.8260763,/ 306호 (마곡동/ 마곡 M시그니처)
올림영어교습소,12,서울특별시 강서구 강서로45길 73,37.5484568,126.8323232,/ 3층 일부 (내발산동)
올업(allup)영어교습소,28,서울특별시 강서구 강서로45길 29,37.547692,126.8345282,/ 201-1호 일부(화곡동) (화곡동)
와글해법영어교습소,56,서울특별시 강서구 금낭화로 135,37.5774208,126.812426,/ 611호 (방화동/금강프라자)
와이비엠(YBM)잉글루영어교습소,54,서울특별시 강서구 마곡중앙2로 11,37.5591978,126.8260763,/ 208호 (마곡동/ M밸리 W TOWER III)
와이비엠잉글루강서수명산1캠퍼스영어교습소,45,서울특별시 강서구 수명로 68-27,37.5526355,126.826665,/ 501호 일부 (내발산동/ 웨스트엔드 문화센터)
와이에이엔(YAN)영어교습소,30,서울특별시 강서구 까치산로14길 10,37.5454677,126.847968,/ 2층일부 (화곡동)
우리말해스피치교습소,18,서울특별시 강서구 마곡중앙1로 20,37.5591978,126.8260763,/ 317호 (마곡동/ 마곡 M시그니처)
우장산유니팝미술교습소,18,서울특별시 강서구 강서로 242,37.547226,126.8367128,/ 318호 (화곡동/ 강서힐스테이트 상가동)
우장산해법영어교습소,18,서울특별시 강서구 우장산로4길 83,37.5508575,126.8384806,1층 일부 (내발산동)
우장컴퍼스잉글리시(Compass English)영어교습소,72,서울특별시 강서구 우현로 5,37.5466225,126.8445271,/ 201호 (화곡동)
운현국어교습소,30,서울특별시 강서구 강서로45라길 12,37.5483228,126.8338111,/ 2층 (내발산동)
울림사회교습소,12,서울특별시 강서구 우장산로 26,37.5543615,126.8400345,/ 2층 (내발산동)
원스카이수학교습소,8,서울특별시 강서구 공항대로41길 51,37.5601978,126.8457639,/ 2층 214호 (등촌동)
위니톡영어교습소,8,서울특별시 강서구 양천로 674,37.5512282,126.8711315,/ 2층 일부 (염창동)
위더스영어교습소,9,서울특별시 강서구 방화동로16길 54-4,37.5723473,126.8120753,/ 1층 일부 (방화동)
위드미영어교습소,21,서울특별시 강서구 공항대로41길 66,37.5605876,126.8465649,/ 203호 (등촌동/ 세신등촌종합상가)
위드영어교습소,18,서울특별시 강서구 강서로47가길 33,37.5510684,126.8357488,/ 1층 일부 (내발산동)
위미(WEME)과학교습소,9,서울특별시 강서구 금낭화로23길 8,37.5795421,126.8121795,/ 동성아파트 상가동 212호 (방화동/ 방화7단지동성아파트)
윈영어교습소,7,서울특별시 강서구 양천로 663-1,37.5521584,126.8707881,외 1필지 가호 3층 (염창동)
유니크영어교습소,14,서울특별시 강서구 수명로 78,37.5529827,126.8263291,/ 301 (내발산동/ 새롬프라자)
유명한수학교습소,20,서울특별시 강서구 초원로11길 37,37.5681147,126.8091666,/ 1층 일부 (방화동)
유에이블영어교습소,36,서울특별시 강서구 공항대로41길 51,37.5601978,126.8457639,/ 708호 (등촌동/ 세신그린코아빌딩)
윤샘미술교습소,36,서울특별시 강서구 곰달래로 172,37.5307473,126.8521103,/ 3층 일부 (화곡동)
윤서음악교습소,19,서울특별시 강서구 수명로 78,37.5529827,126.8263291,/ 702호 (내발산동/ 새롬프라자)
윤선생우리집앞영어교실등촌제1영어교습소,12,서울특별시 강서구 공항대로55길 11,37.5537639,126.8607388,/ 1층 일부 (등촌동)
윤슬샘수학교습소,32,서울특별시 강서구 양천로73길 5,37.5516302,126.8717139,/ 3층 301호 (염창동/ 삼성하나로아파트상가)
윤쌤의사고력업수학교습소,36,서울특별시 강서구 강서로45길 110,37.5501531,126.8318338,/ 1층 일부 (내발산동)
윤앤윤수학교습소,81,서울특별시 강서구 양천로75길 50,37.5518508,126.8756614,/ 2층일부 (염창동/ 대운빌딩)
윤유미독서토론논술교습소,3,서울특별시 강서구 강서로47길 165,37.5533911,126.8269055,/ 신원메디칼프라자 801호 일부 (내발산동)
윤홍은음악교습소,51,서울특별시 강서구 등촌로13길 86,37.5370943,126.8594684,/ 지1층 일부 (화곡동)
으뜸소리울음악교습소,15,서울특별시 강서구 강서로47길 158,37.5543298,126.8274306,/ 상가 203호 (내발산동/ 마곡수명산파크2단지아파트)
은화실미술교습소,10,서울특별시 강서구 방화대로34길 96,37.5709494,126.821569,3층 일부 (방화동)
음악이야기음악교습소,44,서울특별시 강서구 방화대로34길 60,37.5705759,126.820657,/ 101동 101호 (방화동/ 마곡미라클)
이더블유일에이치(2W1H)과학교습소,18,서울특별시 강서구 마곡중앙1로 72,37.5591978,126.8260763,/ 401호 (마곡동/ 마곡엠밸리10단지오피스)
이든아트미술교습소,27,서울특별시 강서구 곰달래로37길 8,37.5317008,126.8548246,/ 2층  (화곡동)
이레아뜰리에미술교습소,18,서울특별시 강서구 공항대로41길 44,37.5596888,126.8459608,아카데미프라자 401호 (등촌동)
이룸은하수수학교습소,70,서울특별시 강서구 강서로45나길 19-17,37.5488042,126.8345709,/ 1층 (내발산동)
이보라피아노아카데미(Lee Bora Piano Academy)음악교습소,3,서울특별시 강서구 마곡중앙2로 35,37.5591978,126.8260763,/ 609호 (마곡동/ 이너매스마곡Ⅱ)
이선수학교습소,21,서울특별시 강서구 양천로73길 56-2,37.5524811,126.8745756,/ 3층 일부 (염창동) (염창동)
이소사회교습소,27,서울특별시 강서구 강서로45나길 59,37.5506035,126.8354765,/ B01호 (내발산동/ 도화엘리시아)
이수학수학교습소,27,서울특별시 강서구 강서로47길 158,37.5543298,126.8274306,/ 202호 (내발산동/ 마곡수명산파크2단지 상가)
이스카이영어교습소,12,서울특별시 강서구 공항대로41길 51,37.5601978,126.8457639,/ 세신그린코아 206호 (등촌동)
이에이티영어교습소,48,서울특별시 강서구 마곡중앙1로 26,37.5591978,126.8260763,/ 406호 (마곡동/ 마곡엠리체)
이엔아이음악교습소,27,서울특별시 강서구 까치산로14길 10,37.5454677,126.847968,2층일부 (화곡동)
이엔에프(E&F)영어교습소,32,서울특별시 강서구 양천로73가길 19,37.5503656,126.8745484,/ 201호 (염창동/ 어반카운티)
이엘씨영어교습소,50,서울특별시 강서구 강서로 348,37.5560356,126.840219,/ 상가2동 106호 (내발산동/ 우장산힐스테이트)
이엘에프영어교습소,6,서울특별시 강서구 화곡로21길 87,37.5446519,126.8359041,/ 4층일부 (화곡동)
이율리영어교습소,48,서울특별시 강서구 강서로45나길 47,37.5501056,126.8354175,/ 3층 일부 (내발산동/ 선재빌딩)
이재영영어교습소,35,서울특별시 강서구 강서로45길 29,37.547692,126.8345282,/ 601호 일부 (화곡동)
이지과학교습소,25,서울특별시 강서구 수명로 78,37.5529827,126.8263291,/ 401호 일부 (내발산동/ 새롬프라자)
이지국어교습소,7,서울특별시 강서구 우장산로 7,37.5547694,126.8379921,/ 장원빌딩 2층 일부 (내발산동)
이츠미(It`sme)아뜰리에미술교습소,8,서울특별시 강서구 화곡로13길 131,37.5448455,126.8342421,/ 1층일부 (화곡동)
이투(E2)수학교습소,21,서울특별시 강서구 강서로48길 28,37.5523791,126.8379987,/ 2층 (내발산동)
이팅수학교습소,3,서울특별시 강서구 화곡로63가길 67,37.5616195,126.848523,/ 등촌10단지주공아파트 상가 1층 103호 (등촌동/등촌10단지주공아파트)
이플아트미술교습소,42,서울특별시 강서구 방화대로34길 92,37.5705759,126.820657,/ 4층 일부 (방화동/ 불해빌딩)
이화가온피아노음악교습소,37,서울특별시 강서구 허준로 121,37.5662269,126.8539397,/ 상가동/ 202호 (가양동/ 대림경동아파트)
익투스수학교습소,30,서울특별시 강서구 우현로 9-1,37.5468762,126.8441203,/ 2층 일부 (화곡동)
인사이트영어교습소,9,서울특별시 강서구 방화대로7길 38,37.5561811,126.8141406,/ 1층 일부 (공항동)
임마누엘피아노음악교습소,25,서울특별시 강서구 양천로30길 52,37.5708534,126.8225089,(방화동)
잉글리시브레인스튜디오영어교습소,15,서울특별시 강서구 강서로 330,37.5551258,126.8374954,/ 2층 일부 (내발산동/ 동아빌딩)
자람미술교습소,6,서울특별시 강서구 강서로 254,37.5484157,126.8367396,/ 상가동 306호일부 (화곡동/ 우장산 아이파크 이편한세상)
장이석영어교습소,10,서울특별시 강서구 강서로 293,37.5519088,126.8359927,/ 3층 일부 (내발산동/ 상희빌딩)
재미나다미술교습소,4,서울특별시 강서구 화곡로53길 36-11,37.5521293,126.8468945,/ 1층일부 (화곡동)
재미난미술교습소,9,서울특별시 강서구 강서로 348,37.5560356,126.840219,우장산현대타운A상가 501호 (내발산동)
재미술술미술교습소,7,서울특별시 강서구 까치산로4길 67-9,37.5403667,126.8467419,/ 1층 일부 (화곡동)
저스트비영어교습소,21,서울특별시 강서구 강서로45길 46,37.5480117,126.8336077,/ 14호 (내발산동)
전통국악교습소,6,서울특별시 강서구 화곡로58길 69,37.5523367,126.8546832,/ 2층(화곡동) (화곡동)
점선면미술교습소,6,서울특별시 강서구 개화동로23길 94,37.5653866,126.8104438,/ 3층 일부 (방화동/닥터음악학원)
정경천국어교습소,18,서울특별시 강서구 강서로 311,37.5535524,126.8363723,/ 2층 일부 (내발산동)
제3교실김쌤수학교습소,28,서울특별시 강서구 곰달래로31길 38,37.5325965,126.8514008,외 1필지 101호 (화곡동)
제니퍼영어교습소,56,서울특별시 강서구 강서로 311,37.5535524,126.8363723,/ 2층 일부 (내발산동)
제다움국어교습소,45,서울특별시 강서구 공항대로41길 51,37.5601978,126.8457639,/ 404호 (등촌동)
제이문잉글리쉬영어교습소,36,서울특별시 강서구 곰달래로31길 8,37.5331138,126.851339,/ 2층 일부(화곡동) (화곡동)
제이뮤직아카데미음악교습소,36,서울특별시 강서구 공항대로41길 75,37.5611045,126.8463464,/ 501호 (등촌동/ 경원프라자)
제이엘피아노교습소,85,서울특별시 강서구 공항대로71길 54,37.5490933,126.8738254,태진아파트 상가205 206호 (염창동)
조이아트미술교습소,21,서울특별시 강서구 마곡중앙로 59-21,37.5591978,126.8260763,/ 321호 (마곡동/ 에이스타워2)
조이영어교습소,4,서울특별시 강서구 공항대로41길 51,37.5601978,126.8457639,/ 804호 (등촌동)
조지타운영어교습소,21,서울특별시 강서구 허준로 47,37.5703714,126.8474442,/ 상가동 3층301호 일부 (가양동/ 가양2단지아파트)
조현미영어교습소,8,서울특별시 강서구 양천로24가길 28-2,37.572608,126.8140839,/ 2층 (방화동)
좋은수수학교습소,56,서울특별시 강서구 강서로 348,37.5560356,126.840219,/ 108호 (내발산동/ 우장산힐스테이트 상가 2동)
주영미술교습소,7,서울특별시 강서구 양천로53길 93,37.5674409,126.8500792,/ 4층일부 (가양동)
주영음악교습소,5,서울특별시 강서구 양천로53길 93,37.5674409,126.8500792,/ 4층일부 (가양동)
주주영어교습소,20,서울특별시 강서구 강서로45길 41,37.5476448,126.8337719,/ 501호 일부 (화곡동/ 수명연립및수명연립덕현상가)
즐거운수학교습소,12,서울특별시 강서구 곰달래로31가길 5,37.531931,126.8516169,/ 101호 (화곡동/ 우일아트빌)
즐거운음악교습소,42,서울특별시 강서구 허준로 47,37.5703714,126.8474442,도시개발공사A상가 204호 (가양동)
지니미술교습소,24,서울특별시 강서구 강서로 348,37.5560356,126.840219,/ 상가1동 204호 (내발산동/ 우장산힐스테이트)
지아트미술교습소,20,서울특별시 강서구 강서로68길 108,37.5637903,126.8459677,등촌동성A상가207 (등촌동)
지혜샘수학교습소,14,서울특별시 강서구 강서로47길 165,37.5533911,126.8269055,/ 601호 (내발산동/ 신원메디칼프라자)
진심영어교습소,16,서울특별시 강서구 강서로 348,37.5560356,126.840219,/ 318호 (내발산동/ 우장산힐스테이트)
집중수학교습소,48,서울특별시 강서구 곰달래로 201,37.5314817,126.8553631,외 1필지 2층 일부 (화곡동)
쭈쌤수학교습소,35,서울특별시 강서구 양천로 658,37.5522268,126.8698341,/ 5층 일부 (염창동/ 양화진빌딩)
차이랑중국어방화캠퍼스중국어교습소,8,서울특별시 강서구 금낭화로17길 9,37.5750933,126.8110592,/ 1층일부 (방화동/ 삼덕빌딩)
찬란수학교습소,30,서울특별시 강서구 강서로47길 113,37.5531968,126.8298352,성호빌딩 302호 일부 (내발산동)
참교육수학교습소,6,서울특별시 강서구 금낭화로 287-19,37.5772126,126.8103621,방화5단지아파트 상가1동 205호 (방화동)
참배움터국어교습소,9,서울특별시 강서구 공항대로41길 75,37.5611045,126.8463464,/ 603호 (등촌동/ 경원프라자)
창의꿈수학교습소,27,서울특별시 강서구 방화대로45길 52,37.5743408,126.8136466,/ 1층 일부 (방화동)
창의사고력활동수학씨투엠클레스수학교습소,25,서울특별시 강서구 강서로45길 132-12,37.5507697,126.8315028,/ 1층 일부 (내발산동)
챌린저수학교습소,18,서울특별시 강서구 마곡중앙로 59-21,37.5591978,126.8260763,/ 320호 (마곡동/ 에이스타워Ⅱ)
청운서예교습소,18,서울특별시 강서구 강서로48길 30,37.5523766,126.8381153,2층 (내발산동)
청춘일화미술교습소,18,서울특별시 강서구 공항대로 308-18,37.5571985,126.8418331,/ 1층일부 (내발산동)
체르니음악교습소,20,서울특별시 강서구 곰달래로31가길 12,37.5317769,126.8519904,/ 101호 (화곡동)
초시대수학교습소,60,서울특별시 강서구 강서로45길 41,37.5476448,126.8337719,/ 수명연립및수명연립덕현상가 501호 일부 (화곡동/ 수명연립및수명연립덕현상가)
최강과학교습소,27,서울특별시 강서구 양천로69길 58,37.554456,126.8729524,/ 염창동아아파트상가401-1호 일부 (염창동/ 염창동아아파트)
최강국어교습소,18,서울특별시 강서구 양천로69길 58,37.554456,126.8729524,/ 상가동 118호 (염창동/ 염창동아아파트)
최율국어교습소,24,서울특별시 강서구 양천로 670,37.551452,126.8708802,/ 2층 (염창동)
칸타빌레음악교습소,36,서울특별시 강서구 허준로 47,37.5703714,126.8474442,가양도시개발공사아파트 상가 205호 (가양동)
케이수학교습소,18,서울특별시 강서구 남부순환로11가길 105,37.5583445,126.8132404,/ 101호 일부 (공항동)
코딩라운지컴퓨터교습소,78,서울특별시 강서구 금낭화로 145,37.5782534,126.8127841,/ 205호 (방화동/ 에어뷰21-1오피스텔)
코코미술교습소,16,서울특별시 강서구 마곡중앙1로 26,37.5591978,126.8260763,/ 307호 (마곡동/ 엠리체)
쿠메수학교습소,66,서울특별시 강서구 강서로 348,37.5560356,126.840219,/ 상가1동 206호 (내발산동/ 우장산힐스테이트)
큐수학교습소,20,서울특별시 강서구 등촌로 163,37.5437876,126.8604505,등촌동아이파크부상가동 202호 (등촌동)
큐스터디수학교습소,95,서울특별시 강서구 등촌로13다길 32-11,37.5352261,126.8588677,/ 1층 일부 (화곡동)
크레용미술교습소,6,서울특별시 강서구 마곡서1로 100,37.5553732,126.8181236,/ 601동 1층 상가 104호 (마곡동/ 마곡엠밸리6단지)
크리스티영어교습소,28,서울특별시 강서구 강서로 348,37.5560356,126.840219,/ 상가1동510호 (내발산동/ 우장산힐스테이트)
클랑피아노음악교습소,25,서울특별시 강서구 공항대로41길 66,37.5605876,126.8465649,/ 6층 606호 (등촌동/세신종합상가)
클레프뮤직(TheClefMusic)음악교습소,30,서울특별시 강서구 화곡로59길 17,37.5541141,126.8502048,5층 (화곡동)
키즈엔리딩영어교습소,18,서울특별시 강서구 공항대로41길 65,37.5607165,126.8461057,/ 2층 202-1호 (등촌동/ 그랜드종합상가)
킹스톤잉글리쉬(KingstonEnglish)영어교습소,21,서울특별시 강서구 허준로 23,37.571269,126.8448731,/ 상가동 3층304호 (가양동/ 한강아파트)
킹제임스잉글리쉬(KingJamesEnglish)영어교습소,14,서울특별시 강서구 금낭화로23길 25,37.5783299,126.8110723,/ 상가동 205호 (방화동/방화6단지도시개발아파트)
탑에듀영어교습소,9,서울특별시 강서구 방화대로33길 9,37.5685019,126.8160371,/ 2층 (방화동)
탑클래스수학교습소,8,서울특별시 강서구 마곡중앙로 59-21,37.5591978,126.8260763,/ 402호 (마곡동/ 에이스타워Ⅱ)
터닝포인트진학지도교습소,55,서울특별시 강서구 마곡중앙로 76,37.5591978,126.8260763,/ 425호 (마곡동/ 힐스테이트에코마곡역)
테바아트미술교습소,42,서울특별시 강서구 강서로47마길 3,37.5529725,126.831027,/ 2층 (내발산동)
토마토아트팩토리미술교습소,27,서울특별시 강서구 초록마을로 33,37.5428877,126.8469203,/ 1층 일부 (화곡동)
톡드로아트(TOK DRAW ART)미술교습소,63,서울특별시 강서구 마곡중앙1로 26,37.5591978,126.8260763,/ 402호 (마곡동/ 엠리체)
톡톡사고력수학교습소,30,서울특별시 강서구 마곡중앙1로 26,37.5591978,126.8260763,/ 308호 (마곡동/ 엠리체)
톡톡수학교습소,42,서울특별시 강서구 공항대로53가길 42,37.5551805,126.8587955,/ 202호 (등촌동)
톡톡오렌지나무미술교습소,18,서울특별시 강서구 곰달래로53길 122,37.5363957,126.8561728,/ 1층 일부 (화곡동)
통문장영어교습소,12,서울특별시 강서구 양천로14가길 23,37.571871,126.8086268,외 1필지 개화산경남아너스빌 제상가동 301호 (방화동)
트로피나인영어교습소,44,서울특별시 강서구 공항대로39길 100,37.562539,126.8465439,/ 상가동 303호 (등촌동/ 등촌대림아파트)
티스영어교습소,135,서울특별시 강서구 마곡중앙1로 10,37.5591978,126.8260763,/ 215호 (마곡동/ 마곡역 한일 노벨리아타워)
파고다교육그룹차이랑중국어교습소,18,서울특별시 강서구 마곡중앙2로 15,37.5591978,126.8260763,/ 307호 (마곡동)
파스칼국어교습소,8,서울특별시 강서구 강서로 348,37.5560356,126.840219,우장산현대홈타운A상가 509호 (내발산동)
파워엘리트영어교습소,112,서울특별시 강서구 강서로 348,37.5560356,126.840219,/ 505호(상가동) (내발산동/ 우장산힐스테이트)
퍼스트신택스영어교습소,30,서울특별시 강서구 공항대로41길 51,37.5601978,126.8457639,/ 807호 (등촌동/ 세신그린코아빌딩)
평원서예교습소,5,서울특별시 강서구 공항대로41길 75,37.5611045,126.8463464,/ 503호 일부 (등촌동)
포레스트미술교습소,30,서울특별시 강서구 강서로35길 75,37.5423851,126.8346437,/ 101호 (화곡동/ 지안빌)
포레피아노음악교습소,15,서울특별시 강서구 등촌로 163,37.5437876,126.8604505,/ 비01호 (등촌동/ 등촌아이파크 부상가동)
포스수학교습소,21,서울특별시 강서구 강서로 311,37.5535524,126.8363723,/ 3층 일부 (내발산동)
폴앤디미술교습소,14,서울특별시 강서구 방화대로34길 80,37.5706956,126.8208711,/ 2층일부 (방화동)
푸른이구아나아트미술교습소,72,서울특별시 강서구 강서로45길 49,37.5478178,126.8334048,외1필지 302호 (화곡동)
프레드영어교습소,18,서울특별시 강서구 공항대로41길 66,37.5605876,126.8465649,/ 3층/302호 (등촌동/ 세신등촌종합상가)
플라이하이영어교습소,14,서울특별시 강서구 화곡로63길 117,37.558717,126.8465519,/ 1층 일부 (등촌동)
플라톤독서토론논술등촌2동논술교습소,48,서울특별시 강서구 등촌로39길 35,37.545972,126.8603856,/ 1층 일부 (등촌동)
플라톤아카데미방화독서논술교습소,78,서울특별시 강서구 방화대로47길 55,37.5755568,126.8129764,/ 2층205호 (방화동/ 방화3단지아파트상가동)
플랜에이(plan A)수학교습소,9,서울특별시 강서구 공항대로41길 51,37.5601978,126.8457639,/ 805호 (등촌동/ 세신그린코아빌딩)
플레이아트미술교습소,6,서울특별시 강서구 금낭화로 145,37.5782534,126.8127841,에어뷰21-1오피스텔 202호 (방화동)
플레이팩토생각수학교습소,54,서울특별시 강서구 등촌로13아길 25,37.5370766,126.8574535,/ 1층일부 (화곡동)
플레이팩토아이랑수학교습소,15,서울특별시 강서구 강서로45다길 30-27,37.545673,126.8337291,/ 상가동 203호 (화곡동/ 초록아파트)
플레이팩토화곡점수학교습소,24,서울특별시 강서구 우현로 9,37.5467929,126.8442608,/ 2층 (화곡동)
플로잉실용음악교습소,9,서울특별시 강서구 강서로29길 77,37.5381296,126.837937,/ 3층 일부 (화곡동)
피렌체미술교습소,18,서울특별시 강서구 강서로 254,37.5484157,126.8367396,/ 상가동 407호 (화곡동/ 우장산 아이파크 이편한세상)
피아노빈음악교습소,27,서울특별시 강서구 공항대로 124,37.5592681,126.8208793,/ 1106동 113호 (마곡동/ 마곡엠밸리11단지 업무시설동)
피아노숲음악교습소,16,서울특별시 강서구 수명로1길 16,37.5512027,126.8232041,마곡수명산파크 4단지 상가 203호 (내발산동)
피아니즈음악교습소,104,서울특별시 강서구 화곡로 141,37.5410244,126.8373704,/ 4층 일부 (화곡동)
피아수학교습소,45,서울특별시 강서구 강서로 299,37.5525097,126.835989,/ 3층 일부 (내발산동)
피아체레음악교습소,20,서울특별시 강서구 양천로73길 56-2,37.5524811,126.8745756,/ 3층 일부 (염창동/피아체레피아노)
피지에스영어교습소,4,서울특별시 강서구 양천로 674,37.5512282,126.8711315,/ 2층 일부 (염창동)
필즈수학교습소,14,서울특별시 강서구 우현로 26,37.5480734,126.8431716,/ 101동 비103호 일부 (화곡동/ 우장산 에스케이 뷰)
하늘꿈국어교습소,15,서울특별시 강서구 강서로45길 174,37.5527978,126.8305873,/ 304호 (내발산동)
하니김현주음악교습소,10,서울특별시 강서구 강서로12길 26,37.5317284,126.8483955,/ 1층 (화곡동)
하루의미술아트스튜디오미술교습소,90,서울특별시 강서구 마곡중앙1로 26,37.5591978,126.8260763,/ 207호 (마곡동/ 엠리체)
하모니음악교습소,28,서울특별시 강서구 방화대로47길 55,37.5755568,126.8129764,/ 2층204호 (방화동/ 방화3단지아파트)
하얀도화지까만손미술교습소,45,서울특별시 강서구 강서로47길 165,37.5533911,126.8269055,/ 신원메디칼프라자801호 일부 (내발산동)
하이매쓰수학교습소,20,서울특별시 강서구 양천로69길 58,37.554456,126.8729524,/ 상가동 207호 (염창동/ 염창동아아파트)
하이브레인과학교습소,9,서울특별시 강서구 마곡중앙로 59-21,37.5591978,126.8260763,/ 226호 (마곡동/ 에이스타워Ⅱ)
하이클래스수학교습소,10,서울특별시 강서구 마곡중앙4로 10,37.5591978,126.8260763,/ 214호 (마곡동/ 마곡그랑트윈타워 에이동)
하프노트뮤직스튜디오실용음악교습소,35,서울특별시 강서구 마곡중앙로 56,37.5950111,126.8785238,/ 지상3층 307호 (마곡동/ 마곡사이언스타워2)
하하호호영어교습소,114,서울특별시 강서구 마곡중앙2로 15,37.5591978,126.8260763,/ 210호 (마곡동)
한그루수학교습소,56,서울특별시 강서구 곰달래로 175,37.5310786,126.8524491,/ 2층 일부 (화곡동)
한마음수학교습소,18,서울특별시 강서구 화곡로66길 142,37.55496,126.8606856,/ 3층 일부 (등촌동)
한선생수학교습소,12,서울특별시 강서구 등촌로39나길 5,37.5461774,126.8607536,/ 동원베르사체 101호 일부 (등촌동)
한선생영어사랑(마곡관)영어교습소,9,서울특별시 강서구 마곡중앙로 59-21,37.5591978,126.8260763,/ 318호 (마곡동/ 에이스타워Ⅱ)
한솔영어교습소,16,서울특별시 강서구 공항대로 124,37.5592681,126.8208793,/ 업무시설동 1105동 107호 (마곡동/ 마곡엠밸리11단지)
한솔플라톤아카데미논술교습소,30,서울특별시 강서구 화곡로13길 107,37.5443631,126.8315655,/ 상가에이동 113호 (화곡동/ 화곡푸르지오)
한양뮤직아카데미음악교습소,20,서울특별시 강서구 등촌로13다길 32-17,37.5353349,126.8587597,1층 일부 (화곡동)
한영신성악교습소,16,서울특별시 강서구 우장산로 4,37.5546254,126.8376356,/ 2층 일부 (내발산동)
한예종클래식음악원음악교습소,20,서울특별시 강서구 등촌로13바길 34,37.5362143,126.8578208,/ 1층 일부 (화곡동)
한우리독서토론논술강서화곡푸르지오논술교습소,50,서울특별시 강서구 강서로45길 46,37.5480117,126.8336077,/ 6~7호 (내발산동/ 수경빌딩)
한우리독서토론논술서염창논술교습소,70,서울특별시 강서구 양천로67길 15,37.5550067,126.8675071,/ 2층 일부 (염창동/ 한희빌딩)
한우리독서토론논술염창독서교실논술교습소,35,서울특별시 강서구 양천로 697,37.5503088,126.8734495,/ 2층 1호 (염창동)
한우리독서토론논술화곡강신논술교습소,36,서울특별시 강서구 화곡로13길 104,37.5445093,126.8332323,/ A-401 (화곡동)
해맑은피아노교습소,8,서울특별시 강서구 화곡로58길 69,37.5523367,126.8546832,1층 (화곡동)
해법독서마곡논술교습소,45,서울특별시 강서구 마곡중앙1로 20,37.5591978,126.8260763,/ 214호 (마곡동/ 마곡 M시그니처)
해법수학마곡수명산점수학교습소,7,서울특별시 강서구 수명로2가길 22,37.5480013,126.8225709,/ 201호 (내발산동/ 마곡수명산파크7단지아파트)
해법중국어마곡공진점중국어교습소,112,서울특별시 강서구 공항대로 140,37.5593177,126.8228149,/ 마곡엠밸리 12단지 업무시설1동(1201동)/ 209호 (마곡동)
해법중국어마곡발산중국어교습소,42,서울특별시 강서구 공항대로 228,37.5585016,126.8327089,/ 115호 (마곡동/ 리더스타워마곡)
해빛영어교습소,21,서울특별시 강서구 양천로53길 93,37.5674409,126.8500792,/ 2층 일부 (가양동/ 가양청석빌딩)
해석수학교습소,72,서울특별시 강서구 까치산로4길 61,37.5404205,126.8461639,/ 3층 (화곡동)
해온글쓰기독서논술교습소,20,서울특별시 강서구 등촌로39길 35,37.545972,126.8603856,/ 1층 일부 (등촌동)
해피뮤직음악교습소,70,서울특별시 강서구 마곡서1로 115-1,37.5553732,126.8181236,/ 201호 (마곡동/ 마곡헤리움1차)
행복한그림이야기미술교습소,14,서울특별시 강서구 등촌로51길 11,37.548783,126.8626084,/ 2층 (등촌동)
행복한성장터수학교습소,40,서울특별시 강서구 강서로45라길 63,37.5505653,126.8344314,/ 지1층 (내발산동)
행복한음악교습소,28,서울특별시 강서구 허준로 23,37.571269,126.8448731,1단지 204동 1호 (가양동)
현대수학교습소,21,서울특별시 강서구 공항대로41길 65,37.5607165,126.8461057,4층 404호 일부 (등촌동)
호미미술교습소,16,서울특별시 강서구 공항대로 382,37.5554767,126.8484772,/ 상가 401호 일부 (화곡동/ 우장산롯데캐슬)
화곡명품수학교습소,99,서울특별시 강서구 화곡로59길 17,37.5541141,126.8502048,4층 (화곡동)
화곡예원음악교습소,24,서울특별시 강서구 곰달래로31가길 10,37.5317579,126.85189,1층 일부 (화곡동)
화곡하연과학실험실과학교습소,15,서울특별시 강서구 초록마을로 52,37.5424113,126.8484258,/ 1층 일부 (화곡동)
화일음악교습소,6,서울특별시 강서구 까치산로10길 71,37.5409588,126.8477692,2층 (화곡동)
황선생수학교습소,16,서울특별시 강서구 마곡중앙1로 20,37.5591978,126.8260763,/ 마곡M시그니처 310호 (마곡동)
효림한문교습소,12,서울특별시 강서구 화곡로68길 103,37.5572933,126.8597174,/ 상가 205호 (등촌동/우성아파트)
훈의미래국어교습소,16,서울특별시 강서구 공항대로41길 50,37.5598495,126.846084,/ 202호 (등촌동/ 보고시티프라자)
휘뮤직아카데미음악교습소,26,서울특별시 강서구 공항대로41길 76,37.560928,126.8468189,/ 2층 202호 (등촌동)
1001의행복한학원,750,서울특별시 강서구 마곡서1로 115-1,37.5553732,126.8181236,/ 마곡헤리움1차 302호 (마곡동)
3030영어해법수학학원,80,서울특별시 강서구 우현로 15,37.547128,126.8436128,/ 3층 (화곡동/ 여의도순복음화곡분교회)
가득에듀영수학원,88,서울특별시 강서구 양천로 655,37.5528913,126.8701636,/ 3층 일부 (염창동)
가우디미술학원,90,서울특별시 강서구 강서로 213,37.5447344,126.8369529,/ 우장산새마을금고 2층 (화곡동)
각씨댄스스튜디오학원,322,서울특별시 강서구 곰달래로 266-1,37.5320669,126.8626858,/ 3층 (화곡동)
강남현에듀수학학원,300,서울특별시 강서구 공항대로36길 81,37.5549565,126.8364896,/ 2층 일부 (내발산동)
강남현에듀학원,300,서울특별시 강서구 강서로47길 35,37.5525957,126.8341124,/ 3층 (내발산동/ 진남빌딩)
강서간호학원,120,서울특별시 강서구 곰달래로 136,37.5304855,126.8479836,/ 3층전체 (화곡동)
강서공인중개사학원,160,서울특별시 강서구 강서로 183,37.5425762,126.8391297,/ / 대사빌딩 A동 6층 (화곡동) (화곡동)
강서대성엔학원,171,서울특별시 강서구 곰달래로 154,37.5305475,126.8500055,/ 1층일부/ 2~3층 (화곡동)
강서더배움학원,30,서울특별시 강서구 강서로45라길 55,37.5501885,126.8343287,/ 2층 (내발산동/미라어린이집)
강서도배학원,160,서울특별시 강서구 공항대로 49-2,37.5614277,126.8127886,/ 2층(공항동/ 공항신성빌딩) (공항동)
강서등촌소마사고력수학학원,25,서울특별시 강서구 공항대로42길 12,37.5574211,126.8437684,/ 2층 일부 (내발산동/ 시천빌딩)
강서라라음악학원,18,서울특별시 강서구 초록마을로 27-1,37.5434395,126.8468677,/ 2층 (화곡동)
강서라이즈어학원,411,서울특별시 강서구 공항대로45길 15,37.5561064,126.8544761,/ 가양역두산위브 근생동 HKC타워 3~6층 (등촌동/ 가양역 두산위브)
강서마곡소마수학학원,30,서울특별시 강서구 방화대로 294,37.5669694,126.8170602,/ 마곡더블유타워 710호 (마곡동)
강서마곡자라다남아미술학원,19,서울특별시 강서구 마곡서로 133,37.5764888,126.8307466,/ 713동 302호 (마곡동/ 마곡엠밸리7단지)
강서새롬음악학원,31,서울특별시 강서구 곰달래로53길 56,37.5341027,126.8584221,(화곡동)
강서수능로드맵학원,132,서울특별시 강서구 공항대로41길 65,37.5607165,126.8461057,/ 203-1호/204호/206호/207호 일부 (등촌동)
강서수학원,155,서울특별시 강서구 양천로69길 19,37.5533789,126.8707448,3층일부 (염창동)
강서수학의힘학원,96,서울특별시 강서구 양천로65길 17,37.5558844,126.8662059,/ 5층/6층 (염창동)
강서스즈키음악학원,19,서울특별시 강서구 공항대로41길 51,37.5601978,126.8457639,/ 6층606호~6층608호 (등촌동/ 세신그린코아빌딩)
강서스터디뱅크독서실,720,서울특별시 강서구 강서로 303,37.5529406,126.8361022,4층 (내발산동)
강서실용음악학원,24,서울특별시 강서구 까치산로 191,37.5542276,126.8540012,3층 (화곡동)
강서에스보습학원,220,서울특별시 강서구 공항대로36길 81,37.5549565,126.8364896,2층일부 (내발산동)
강서영어센터학원,84,서울특별시 강서구 양천로 542,37.5583145,126.8593782,/ 2층일부 (등촌동/ 기아자동차강서서비스센터)
강서와이즈만영재보습학원,128,서울특별시 강서구 강서로50길 16,37.5551096,126.8381283,/ 4층일부/5층일부 (내발산동/GS25)
강서원더랜드어학원,950,서울특별시 강서구 양천로30길 95,37.5688402,126.8229289,/ 1층일부/3층/4층 (마곡동/ 창조빌딩)
강서음악학원,55,서울특별시 강서구 허준로 234,37.5586974,126.8636778,(가양동/가양9단지아파트)
강서이룸학원,80,서울특별시 강서구 월정로30길 99,37.535745,126.8411908,2층 (화곡동)
강서이엠학원,110,서울특별시 강서구 강서로16길 24,37.5328969,126.8477338,/ 2층 (화곡동)
강서자유자재매쓰다이어리학원,100,서울특별시 강서구 강서로45길 49-10,37.5474329,126.8329287,/ 3층 (내발산동)
강서정상어학원,684,서울특별시 강서구 공항대로 383,37.5569123,126.8502614,3층 (등촌동)
강서정이조주니어영어학원,204,서울특별시 강서구 강서로 254,37.5484157,126.8367396,/ 101호/301호/304호 (화곡동/ 우장산아이파크이편한세상)
강서제과제빵학원,200,서울특별시 강서구 강서로 381-7,37.5595144,126.8379173,/ 3층/4층 (마곡동/ 정원빌딩)
강서캠퍼스현재어학원,60,서울특별시 강서구 강서로 287,37.5513926,126.8359996,/ 2/3층 (내발산동/ 호경빌딩)
강서크리스챤쇼보미용학원,304,서울특별시 강서구 화곡로 154,37.5408792,126.8390021,/ 9층일부 (화곡동/ 청산타워)
강서펜타곤학원,160,서울특별시 강서구 마곡중앙5로 81,37.5591978,126.8260763,/ 에스비타운 509호 (마곡동)
강서폴리어학원,60,서울특별시 강서구 공항대로41길 34,37.5592457,126.8457028,/ 7층 (등촌동/ 플러스존)
강서프라미스어학원,252,서울특별시 강서구 강서로 277,37.5503921,126.8359619,/ ES빌딩 6층 (내발산동/ 우장카센터)
강서하이스코어영어학원,48,서울특별시 강서구 강서로 324,37.5545401,126.8373019,/ 2층 일부 (내발산동)
강서해밀영수전문학원,150,서울특별시 강서구 까치산로4길 15,37.5420759,126.844432,/ 2층 (화곡동)
강의하는아이들내발산2관학원,72,서울특별시 강서구 강서로 328,37.5548384,126.8374025,/ 3층 일부 (내발산동)
강의하는아이들내발산학원,104,서울특별시 강서구 강서로 330,37.5551258,126.8374954,/ 4층 일부 (내발산동/ 동아빌딩)
강인함입시컨설팅원격학원,2000,서울특별시 강서구 마곡중앙6로 70,37.5591978,126.8260763,/ 602호 (마곡동/ 매그넘797)
같이상승과학학원,252,서울특별시 강서구 강서로 315,37.5538166,126.836393,/ 2층 (내발산동/ 서일빌딩)
같이상승수학학원,144,서울특별시 강서구 강서로 303,37.5529406,126.8361022,/ 2층 일부 (내발산동/ 성진빌딩)
개념과기법수학학원,75,서울특별시 강서구 강서로 328,37.5548384,126.8374025,/ 3층 일부 (내발산동)
거인의어깨학원,110,서울특별시 강서구 곰달래로 195,37.5313463,126.8545958,/ 3층 (화곡동/ 풍한빌딩)
검스타트원격학원,700,서울특별시 강서구 양천로 510,37.5600646,126.8563419,/ 현대프린스텔 502호 (등촌동)
경향키즈놀이학원,80,서울특별시 강서구 화곡로63길 19,37.5571733,126.8516122,/ 2층 (등촌동/ 경향교회)
경희피아노음악학원,62,서울특별시 강서구 방화대로34길 80,37.5706956,126.8208711,/ 2층일부 (방화동)
계명피아노음악학원,60,서울특별시 강서구 우현로 11,37.5469455,126.8439257,/ 2층 (화곡동/ 진명빌딩)
고등어학원,60,서울특별시 강서구 강서로45길 49,37.5478178,126.8334048,/ 301호 (화곡동)
고려배움터학원,90,서울특별시 강서구 곰달래로 178,37.5308084,126.8526467,/ 르네상스빌딩 7층일부 (화곡동)
고려하이스트수학전문학원,210,서울특별시 강서구 공항대로41길 43,37.5598738,126.8455245,/ 701호 (등촌동/ 새한프라자)
골드수학학원,30,서울특별시 강서구 화곡로66길 162,37.5545019,126.8615889,/ 2층 (등촌동/미래빌딩)
공부에진심학원,100,서울특별시 강서구 강서로48길 9,37.552679,126.83698,/ 2층 (내발산동)
공부의감수학학원,290,서울특별시 강서구 공항대로42길 33,37.5563748,126.8434756,2층 (내발산동)
공신수학학원,202,서울특별시 강서구 금낭화로16길 28,37.5738256,126.8129518,/ 3층 (방화동/동진빌딩)
공잘학원,874,서울특별시 강서구 강서로31길 68,37.5389395,126.8379233,/ 1층/2층/3층 (화곡동)
공터영어한수위학원,46,서울특별시 강서구 곰달래로31가길 11,37.5319661,126.8518879,/ 2층 (화곡동)
공항성진학원,208,서울특별시 강서구 송정로 37,,,2층일부 3층일부 (공항동)
공항아인스학원,70,서울특별시 강서구 방화대로7나길 46,,,(공항동/ 아인스학원)
과수원강의하는아이들학원,118,서울특별시 강서구 양천로 684,,,/ 4층 (염창동)
괜찮은수학학원,36,서울특별시 강서구 공항대로41길 56,,,/ 3층 일부 (등촌동/ 진아빌딩)
교연학원,252,서울특별시 강서구 공항대로 140,,,/ 마곡엠밸리12단지 업무시설1동(1201동) 205호/ 211호 (마곡동/ 마곡엠밸리12단지)
교원더퍼스트캠퍼스강서직영학원,80,서울특별시 강서구 허준로 16-8,,,/ 3층 일부/ 4층 일부 (가양동)
교육법인서울학원,489,서울특별시 강서구 수명로 74,,,/ 701호 (내발산동/발산시티타워)
국어의별수학의별학원,96,서울특별시 강서구 강서로45가길 15,,,/ 3층 (화곡동)
국어의샘학원,60,서울특별시 강서구 강서로45라길 35,,,2층일부 (내발산동)
국풍2000등촌관학원,52,서울특별시 강서구 공항대로41길 50,,,/ 203호 205호 (등촌동)
국풍2000염창관학원,100,서울특별시 강서구 양천로 605,,,/ 2층 (염창동)
그란데스터디클럽독서실,172,서울특별시 강서구 우장산로 21-5,,,/ 201호~203호 (내발산동/ 영조빌딩)
그레이스학원,100,서울특별시 강서구 가로공원로76가길 53,,,/ 늘푸른어린이집 3층 (화곡동/ 수창빌딩)
그린램프라이브러리강서캠퍼스독서실,204,서울특별시 강서구 강서로 242,,,/ 5층 5~6호 (화곡동)
그린음악학원,40,서울특별시 강서구 방화대로 294,,,/ 마곡더블유타워 904호 (마곡동)
그린화실미술학원,105,서울특별시 강서구 양천로 87,,,/ 대일빌딩 2층일부 (방화동)
그림아트스튜디오미술학원,18,서울특별시 강서구 공항대로41길 76,,,/ 402호일부 (등촌동/ 로얄프라자)
글로벌프라미스학원,375,서울특별시 강서구 강서로 308,,,/ 2층 일부(내발산동/ 신양빌딩) (내발산동)
글빛국어논술학원,49,서울특별시 강서구 강서로45길 42,,,/ 3층 (내발산동/미래빌딩)
글소리국어논술학원,165,서울특별시 강서구 강서로45길 33,,,3층 (화곡동)
기준과학전문학원,510,서울특별시 강서구 우장산로 16,,,/ 2층 (내발산동)
기준학원,31,서울특별시 강서구 허준로 198,,,가양프라자504호 (가양동)
기탄사고력교실화곡에듀진학원,100,서울특별시 강서구 까치산로 43,,,/ 2층 (화곡동)
기파랑문해원강서우장산학원,315,서울특별시 강서구 강서로 211,,,/ 501호/502호 (화곡동)
길벗뮤직아카데미학원,10,서울특별시 강서구 곰달래로 220,,,2층 (화곡동)
김미희음악학원,544,서울특별시 강서구 강서로 254,,,우장산아이파크이편한세상상가동405호 (화곡동)
김샘수학학원,40,서울특별시 강서구 양천로69길 65,,,강변성원아파트상가 201호(염창동/강변성원아파트)
김옥대수학학원,465,서울특별시 강서구 강서로45가길 9,,,/ 3층 (화곡동)
김정민수학학원,28,서울특별시 강서구 공항대로 103,,,/ 업무시설동 902호 (마곡동/ 마곡 엠밸리 9단지)
김종길국어논술(강서점)학원,315,서울특별시 강서구 강서로 348,,,/ 상가1동 201~203호/211~214호/309호/315~316호 (내발산동/ 우장산힐스테이트)
김호증모가발미용학원,300,서울특별시 강서구 공항대로 425,,,/ 201호일부 (등촌동)
김화중국어학원,60,서울특별시 강서구 방화대로 294,,,/ 705/ 706호 (마곡동/ 마곡더블유타워)
깨알독서학원,252,서울특별시 강서구 방화대로 294,,,/ 211호 (마곡동/ 마곡더블유타워)
꿈꾸는학원,225,서울특별시 강서구 방화대로34길 73,,,/ 2층 (방화동)
끌레어음악학원,53,서울특별시 강서구 강서로56나길 110,,,/ 부영아파트 상가 3층302호 (등촌동/ 부영아파트)
나다움미술학원,100,서울특별시 강서구 강서로 202,,,/ 4층/ 5층일부 (화곡동/성원빌딩)
나래정보처리회계학원,111,서울특별시 강서구 강서로 193,,,/ 5층 (화곡동/안태수내과)
나무사랑학원,72,서울특별시 강서구 양천로14길 78,,,2층 (방화동)
나무음악학원,96,서울특별시 강서구 양천로65길 17,,,/ 4층 (염창동)
나오미영어학원,70,서울특별시 강서구 등촌로39길 22,,,/ 2층 (등촌동)
난다플러스영수학원,96,서울특별시 강서구 곰달래로31가길 10,,,1층일부 2층 (화곡동)
난파음악학원,50,서울특별시 강서구 공항대로59다길 83,,,/ 2층 (염창동)
남예림무용아카데미학원,34,서울특별시 강서구 마곡중앙5로 81,,,/ 에스비타운 1001호 (마곡동)
내발산스터디뱅크독서실,140,서울특별시 강서구 강서로 303,,,5층 (내발산동)
내발산점와와학습코칭학원,264,서울특별시 강서구 강서로 330,,,/ 동아빌딩 4층 일부 (내발산동)
넥스트학원,40,서울특별시 강서구 강서로47길 19,,,발산시장2층일부 (내발산동)
논리와수학&과학학원,14,서울특별시 강서구 공항대로 103,,,/ 업무시설동 404호 (마곡동/ 마곡 엠밸리 9단지)
논리와수학학원,29,서울특별시 강서구 공항대로 103,,,/ 402호 (마곡동/ 마곡엠밸리9단지업무시설동)
논리와철학학원,20,서울특별시 강서구 공항대로 103,,,/ 408호 (마곡동/마곡엠밸리9단지업무시설동)
눈높이러닝센터가양등촌학원,660,서울특별시 강서구 공항대로41길 76,,,/ 5층501호 일부 (등촌동/ 로얄프라자)
눈높이러닝센터강신학원,660,서울특별시 강서구 화곡로13길 104,,,/ A-201/ A-301 (화곡동)
눈높이러닝센터등촌학원,660,서울특별시 강서구 등촌로39길 23,,,2층 3층 (등촌동)
눈높이러닝센터마곡학원,660,서울특별시 강서구 마곡중앙1로 26,,,/ 엠리체 410~412호 (마곡동/ 마곡엠리체)
눈높이러닝센터방화학원,660,서울특별시 강서구 마곡중앙5로 81,,,/ 에스비타운 308호 (마곡동/ 에스비타운)
눈높이러닝센터염창학원,660,서울특별시 강서구 양천로 691-11,,,/ 2층 (염창동/수복장여관)
눈높이러닝센터화곡1동학원,660,서울특별시 강서구 월정로30길 99,,,/ 3층 (화곡동/ 문성빌딩)
눈높이러닝센터화곡8동학원,660,서울특별시 강서구 강서로18길 33,,,/ 3층/4층 (화곡동/동신빌딩)
눈높이러닝센터화곡본동학원,660,서울특별시 강서구 초록마을로6길 6,,,/ 2층/ 3층 (화곡동)
눈높이러닝센터화곡학원,660,서울특별시 강서구 곰달래로49길 80,,,/ 2층일부 (화곡동)
뉴강서해법지수학원,133,서울특별시 강서구 수명로 80,,,/ 501호/502호 (내발산동/ 베스트프라자빌딩)
뉴마인드영어수학학원,110,서울특별시 강서구 강서로45길 46,,,/ 2층 13호 일부 (내발산동/ 수경빌딩)
뉴서울음악학원,42,서울특별시 강서구 화곡로13길 107,,,화곡푸르지오C상가201 202호 (화곡동)
뉴스쿨학원,45,서울특별시 강서구 화곡로66길 153,,,/ 6층/7층 (등촌동/ 아이엠센터)
뉴스터디학원,400,서울특별시 강서구 양천로 623,,,외1필지3층 (염창동)
뉴시사엘리트학원,153,서울특별시 강서구 양천로71길 8,,,/ 3층 일부 (염창동/대영빌딩)
뉴예성음악학원,9,서울특별시 강서구 양천로69길 18,,,/ 301호 (염창동/ 극동아파트)
뉴이주음악학원,80,서울특별시 강서구 방화대로7나길 26,,,(공항동)
뉴펜타곤학원,46,서울특별시 강서구 마곡중앙5로 81,,,/ 805호/ 806호 (마곡동/ 에스비타운)
뉴하이든음악학원,120,서울특별시 강서구 강서로 263-28,,,/ 2층 (내발산동)
뉴한양음악학원,165,서울특별시 강서구 우장산로 29,,,2층 (내발산동)
늘푸른간호병원코디네이터학원,751,서울특별시 강서구 강서로 155,,,/ 6층 (화곡동/ 등대빌딩)
능률영어전문학원,90,서울특별시 강서구 곰달래로49길 15,,,/ 3층 (화곡동/ 선광빌딩)
능률주니어랩화곡교실이젠수학학원,41,서울특별시 강서구 화곡로59길 25,,,2층 3층일부 (화곡동)
다이나모영어학원,120,서울특별시 강서구 양천로 619,,,/ 3층 (염창동)
단디수학학원,75,서울특별시 강서구 강서로 348,,,/ 우장산힐스테이트 상가1동 417호/418호 (내발산동)
대경학원,182,서울특별시 강서구 초록마을로6길 52,,,/ 101호/ 201호 (화곡동/ 대영빌라트)
대지학원,33,서울특별시 강서구 공항대로43길 123,,,6층 (등촌동)
대진탑보습학원,40,서울특별시 강서구 강서로 304,,,2층1호 (내발산동)
대치대세학원,45,서울특별시 강서구 우장산로 7,,,/ 3층 (내발산동/ 장원빌딩)
대치영수학원,110,서울특별시 강서구 가로공원로76길 102,,,/ 3층 (화곡동/신재승산부인과의원)
대치웰영어학원,210,서울특별시 강서구 강서로 304,,,/ 6층 2호 (내발산동/ 영종빌딩)
대치은마수학학원,80,서울특별시 강서구 마곡중앙1로 26,,,/ 엠리체 407호/408호 (마곡동/ 마곡엠리체)
대한논리독서정독학원,60,서울특별시 강서구 공항대로41길 51,,,(401호/402호)(등촌동)
대한논리속독염창학원,58,서울특별시 강서구 양천로 628,,,우건빌딩 4층일부(염창동)
댄글리쉬(DANGLISH)영어학원,32,서울특별시 강서구 강서로50길 16,,,/ 2층 (내발산동)
댄스스토리무용학원,66,서울특별시 강서구 양천로 104,,,/ 4층전체 (방화동/ 방화동B빌딩)
더(THE)수학학원,56,서울특별시 강서구 강서로45길 41,,,/ 401호 (화곡동/ 수명연립및수명연립덕현상가)
더(THE)오르다수학·영어학원,286,서울특별시 강서구 강서로 310,,,/ 2층일부/ 3층일부 (내발산동)
더127수학학원,180,서울특별시 강서구 공항대로41길 56,,,/ 8층 (등촌동/ 진아빌딩)
더강한수학학원,48,서울특별시 강서구 강서로45길 73,,,/ 2층 (내발산동)
더굿멘토영수전문학원,70,서울특별시 강서구 공항대로41길 65,,,/ 4층 405호 (등촌동)
더뉴웨스트영어학원,225,서울특별시 강서구 강서로 327,,,/ 2층일부 (내발산동/ 원영빌딩)
더라임학원,80,서울특별시 강서구 수명로 68-11,,,발산타워801호 (내발산동)
더베스트이엔엠(TheBestE&M)학원,8,서울특별시 강서구 공항대로 334,,,/ 5층일부 (내발산동/ 백상빌딩)
더베스트학원,75,서울특별시 강서구 곰달래로25길 25,,,/ 2층 (화곡동)
더블유엠뮤직아카데미음악학원,480,서울특별시 강서구 마곡중앙1로 20,,,/ 마곡M시그니처 408호~410호 (마곡동)
더블인영어학원,90,서울특별시 강서구 화곡로13나길 2,,,/ 2층/3층 (화곡동)
더수학플러스학원,120,서울특별시 강서구 공항대로41길 51,,,/ 705호/713호 (등촌동/ 세신그린코아빌딩)
더쎈학원,16,서울특별시 강서구 공항대로 38-4,,,/ 3층 일부 (공항동/ 희락빌딩)
더오름학원,166,서울특별시 강서구 강서로 215,,,삼광빌딩2층 (화곡동)
더옥션경매학원,103,서울특별시 강서구 양천로 349,,,/  3층 일부 (가양동)
더와이즈학원,84,서울특별시 강서구 양천로 85,,,/ 7층 (방화동)
더이룸학원,82,서울특별시 강서구 방화대로 294,,,/ 506호/ 807-2호 (마곡동/ 마곡더블유타워)
더자람학원,30,서울특별시 강서구 강서로47길 165,,,/ 신원메디칼프라자 502호/ 503호 (내발산동)
더큐브프리미엄독서실,288,서울특별시 강서구 까치산로 75,,,/ 5층~6층 (화곡동/ 호왕빌딩)
더프리미엄독서실,100,서울특별시 강서구 화곡로13길 98,,,3/4층(화곡동)
더플러스아카데미종합학원,95,서울특별시 강서구 곰달래로49길 89,,,/  1층~4층 (화곡동)
더플롯커피바리스타학원,153,서울특별시 강서구 공항대로45길 75,,,/ 2층일부/3층일부 (등촌동)
데일리피아노학원,45,서울특별시 강서구 마곡중앙5로1길 21,,,/ 208호 (마곡동/ 마곡럭스나인 오피스텔)
도담도담피아노학원,100,서울특별시 강서구 화곡로13나길 1,,,/ 2층 (화곡동)
도레미음악학원,54,서울특별시 강서구 허준로 23,,,한강타운상가303호 (가양동)
두드림국어학원,68,서울특별시 강서구 강서로 289,,,/ 연빌딩 201호/601호 (내발산동)
드림뮤지컬학원,8,서울특별시 강서구 공항대로 334,,,/ 502호 (내발산동/ 백상빌딩)
등촌센터리틀팍스어학원,36,서울특별시 강서구 화곡로61길 112,,,/ 2층/ 3층/ 4층 (등촌동 663-11)
등촌씨엠에쓰(CMS)학원,14,서울특별시 강서구 등촌로39길 24,,,/ 2층 (등촌동)
딥무브댄스학원,271,서울특별시 강서구 강서로18길 34,,,/ 3층 (화곡동)
라라음악학원,47,서울특별시 강서구 화곡로24길 34,,,/ 라라피아노 (화곡동/ 라라피아노학원)
라온엘씨(LC)학원,52,서울특별시 강서구 방화대로 294,,,/ 302호일부 303호 (마곡동/ 마곡더블유타워)
라이크뮤직실용음악학원,5,서울특별시 강서구 강서로 162,,,/ 3층 303호 (화곡동/SC제일은행화곡지점)
라인뮤직보컬실용음악학원,56,서울특별시 강서구 곰달래로 141,,,2층 (화곡동)
라임음악학원,750,서울특별시 강서구 양천로 646-29,,,2층 (염창동)
라임학원,28,서울특별시 강서구 강서로45길 49,,,/ 미래빌딩 401호/402호 (화곡동)
런던게이트영어학원,176,서울특별시 강서구 마곡중앙5로 81,,,/ 에스비타운 907호 (마곡동)
런던게이트중고등관영어학원,240,서울특별시 강서구 마곡중앙5로 81,,,/ 905호/1102호 (마곡동/ 에스비타운)
레드댄스(RED DANCE)학원,30,서울특별시 강서구 화곡로 111,,,/ 6층일부 (화곡동/ 스카이빌딩)
레전드수학학원,20,서울특별시 강서구 양천로 51,,,/ 2층 (방화동)
레지오키즈클럽어학원,90,서울특별시 강서구 화곡로66길 153,,,/ 8층일부 (등촌동/ 아이엠센터)
로하심포니음악학원,120,서울특별시 강서구 까치산로4길 67-5,,,/ 대성빌딩 201호 (화곡동)
루체테글로벌캠퍼스학원,96,서울특별시 강서구 마곡서로 133,,,/ 713동 1004호 (마곡동/ 마곡엠밸리7단지)
류경희음악학원,50,서울특별시 강서구 우장산로 24,,,/ 우진빌딩 2층 (내발산동)
리더스영어수학전문학원,120,서울특별시 강서구 공항대로8길 17,,,/ 3층 (공항동)
리더스잉글리쉬학원,48,서울특별시 강서구 양천로67길 99,,,리첸빌딩3층일부302호 (염창동)
리더스학원,60,서울특별시 강서구 공항대로41길 65,,,/ 3층307호/ 3층308호 (등촌동/ 그랜드종합상가)
리드앤톡마곡영어도서학원,132,서울특별시 강서구 방화대로34길 96,,,/ 2층 (방화동/낙원빌딩)
리드앤톡영어강서등촌1센터학원,50,서울특별시 강서구 공항대로53가길 1,,,/ 아이리스빌딩 2층일부 (등촌동)
리드앤톡영어학원,110,서울특별시 강서구 월정로30길 102,,,/ 3층 (화곡동)
리드인독서논술학원,50,서울특별시 강서구 곰달래로31길 15,,,/ 4층 (화곡동/ 디헤리움)
리딩스타앤(&)스텔라학원,110,서울특별시 강서구 공항대로41길 52,,,/ 5층일부 (등촌동/소나무한의원)
리딩인더숲학원,24,서울특별시 강서구 마곡중앙5로 81,,,/ 210호 (마곡동/ 에스비타운)
리딩퍼스트게이트학원,195,서울특별시 강서구 강서로 330,,,/ 2층 일부 (내발산동/ 동아빌딩)
리빈음악학원,140,서울특별시 강서구 양천로 109,,,2층 (방화동)
리아트주방가구기술학원,20,서울특별시 강서구 방화동로 69-1,,,/ 1층 (방화동)
리틀원더스어학원,51,서울특별시 강서구 공항대로 164,,,/ 401호~402호 (마곡동/ 류마타워)
린다잉글리쉬학원,100,서울특별시 강서구 수명로 80,,,/ 503호/504호 (내발산동/ 베스트프라자빌딩)
링구아어학원,48,서울특별시 강서구 공항대로 329,,,7층 (등촌동)
마곡동예원음악학원,170,서울특별시 강서구 공항대로 140,,,/ 마곡엠벨리12단지 업무시설2동(1202동) 204호/ 205호 (마곡동)
마곡비엠에듀학원,88,서울특별시 강서구 방화대로 294,,,/ 마곡더블유타워 812호 (마곡동)
마곡삼성영어쎈수학학원,279,서울특별시 강서구 마곡서로 133,,,/ 713동 904호 (마곡동)
마곡소마수학영재학원,24,서울특별시 강서구 방화대로 294,,,/ 711호 (마곡동/ 마곡더블유타워)
마곡수명푸르넷에듀학원,20,서울특별시 강서구 수명로 72,,,/ 발산 신성프라자 401호 (내발산동/ 발산신성프라자)
마곡쎈수학뮤엠영어학원,165,서울특별시 강서구 공항대로 140,,,/ 마곡엠밸리12단지 업무시설2동(1202동) 202호/203호 (마곡동)
마곡에이닷영어학원,1080,서울특별시 강서구 마곡서1로 115-1,,,/ 마곡헤리움1차 209호 (마곡동/ 마곡헤리움1차)
마곡예원음악학원,70,서울특별시 강서구 마곡중앙5로 81,,,/ 에스비타운 707호 (마곡동)
마곡이아이이(EiE)어학원,108,서울특별시 강서구 방화대로 294,,,/ 더블유타워 401호~403호 (마곡동)
마곡캠퍼스정이조영어학원,165,서울특별시 강서구 방화대로 294,,,/ 909호/1102호/1103호 (마곡동/ 마곡더블유타워)
마곡페르마2관학원,260,서울특별시 강서구 방화대로 294,,,/ 마곡더블유타워 708호/ 709호 (마곡동)
마곡페르마학원,260,서울특별시 강서구 방화대로 294,,,/ 마곡더블유타워 411호/412호 (마곡동)
마곡펜타곤학원,160,서울특별시 강서구 마곡중앙5로 81,,,/ 에스비타운 706호/809호 (마곡동/ 에스비타운)
마루미술학원,165,서울특별시 강서구 방화대로 294,,,/ 801호 (마곡동/ 마곡더블유타워)
마리샘음악학원,70,서울특별시 강서구 수명로 72,,,/ 발산신성프라자 902호 (내발산동)
마리음악학원,9,서울특별시 강서구 강서로 242,,,/ 강서힐스테이트상가 416호 (화곡동)
마리투음악학원,30,서울특별시 강서구 강서로 254,,,/ 우장산 아이파크 이편한세상 상가 306호일부 (화곡동/ 우장산 아이파크 이편한세상)
막강학원,90,서울특별시 강서구 강서로48길 6,,,/ 2층 (내발산동)
만렙수학전문학원,112,서울특별시 강서구 양천로 646-31,,,3층 (염창동)
맑은소리숲음악학원,24,서울특별시 강서구 화곡로59길 37,,,2층(화곡동)
매쓰폴학원,120,서울특별시 강서구 양천로73길 33,,,2층 (염창동)
매쓰플랜화곡학원,42,서울특별시 강서구 화곡로13길 92,,,/ 2층 (화곡동/ 대우경동빌딩)
매직스쿨학원,70,서울특별시 강서구 강서로18나길 1,,,/ 4층일부 (화곡동)
메가아카데미학원,320,서울특별시 강서구 강서로 308,,,/ 3층일부 (내발산동/ 신양빌딩)
메이킹수학학원,56,서울특별시 강서구 허준로 23,,,/ 한강아파트 상가동 3층305호 일부 (가양동/ 한강아파트)
멘토학원,24,서울특별시 강서구 강서로47길 165,,,/ 501호 (내발산동/신원메디칼프라자)
명문지혜보습학원,88,서울특별시 강서구 양천로24길 54-31,,,2 3층 (방화동)
명성아카데미학원,70,서울특별시 강서구 곰달래로59길 67,,,/ 2층 일부 (화곡동)
명품이앤엠(E&M)학원,234,서울특별시 강서구 공항대로44길 39,,,/ 3층 일부 (화곡동)
모비딕영어학원,24,서울특별시 강서구 공항대로41길 66,,,/ 312호~317호 (등촌동/ 세신등촌종합상가)
모차르트음악학원,65,서울특별시 강서구 공항대로55길 33,,,/ 2층일부 (등촌동)
목동고수학학원,99,서울특별시 강서구 공항대로41길 51,,,/ 709호/710호 (등촌동/ 세신그린코아빌딩)
목동딥매쓰학원,128,서울특별시 강서구 양천로 658,,,/ 6층 일부 (염창동/ 양화진빌딩)
목동리뉴학원강서학원,60,서울특별시 강서구 강서로 211,,,/ 402호일부/403호/404호 (화곡동)
목동사과나무강서쓰리학원,1280,서울특별시 강서구 우장산로2길 21,,,/ 2층/ 4층 (내발산동)
목동사과나무강서원학원,1280,서울특별시 강서구 강서로 308,,,/ 4층일부 (내발산동/ 신양빌딩)
목동사과나무강서투학원,1280,서울특별시 강서구 우장산로2길 36,,,/ 2층/ 3층 (내발산동/ 이윤빌딩)
목동사과나무등촌투학원,680,서울특별시 강서구 공항대로41길 52,,,/ 버들빌딩 7층 (등촌동/ 버들빌딩)
목동사과나무등촌학원,680,서울특별시 강서구 공항대로41길 56,,,/ 7층 (등촌동/ 진아빌딩)
목동사과나무수학학원,680,서울특별시 강서구 공항대로41길 52,,,/ 3층 일부 (등촌동/ 버들빌딩)
목동사과나무학원,1280,서울특별시 강서구 우장산로2길 21-6,,,/ 201/301/401호 (내발산동/ 내발산우신웨스트빌아파트)
목동스칼렛학원,132,서울특별시 강서구 마곡중앙1로 20,,,/ 403호/405호 (마곡동/ 마곡 M시그니처)
목동씨앤씨학원,300,서울특별시 강서구 마곡중앙로 59-21,,,/ 212호~224호 (마곡동/ 에이스타워Ⅱ)
목동위너스학원,120,서울특별시 강서구 허준로 198,,,가양프라자404호일부 (가양동)
뫼비우스수학학원,96,서울특별시 강서구 공항대로41길 66,,,/ 2층201-1호 (등촌동/ 세신등촌종합상가)
뮤아센미술학원,40,서울특별시 강서구 방화대로 294,,,/ 마곡더블유타워 707호 (마곡동)
뮤엠영어글로리2관학원,99,서울특별시 강서구 강서로45길 174,,,/ 210호 (내발산동/ 수명산씨티)
뮤엠영어더퍼스트학원,24,서울특별시 강서구 강서로 327,,,/ 2층 일부 (내발산동/ 원영빌딩)
뮤엠영어보라캠퍼스학원,330,서울특별시 강서구 양천로 646-31,,,/ 4층 (염창동)
뮤엠영어송화캠퍼스학원,160,서울특별시 강서구 방화대로34길 73,,,/ 3층 (방화동)
뮤엠영어수학의달인리드인탑산점학원,170,서울특별시 강서구 양천로53길 93,,,/ 3층일부/ 5층일부 (가양동/ 가양청석빌딩)
뮤제드아트스쿨미술학원,42,서울특별시 강서구 방화대로 294,,,/ 309호/611호 (마곡동/ 마곡더블유타워)
뮤직매스실용음악학원,4,서울특별시 강서구 곰달래로 175,,,2층일부좌측 (화곡동)
뮤직어게인학원,15,서울특별시 강서구 공항대로 209,,,/ 406호 (마곡동)
미도움미술학원,131,서울특별시 강서구 양천로 690,,,/ 호서빌딩 5층일부 (염창동)
미래아카데미학원,150,서울특별시 강서구 강서로45길 31-1,,,2층 (화곡동)
미술로생각하기강서마곡학원,12,서울특별시 강서구 방화대로 294,,,/ 704호 (마곡동)
미술로생각하기학원,15,서울특별시 강서구 공항대로41길 51,,,/ 5층 501/ 510호 (등촌동)
미술예감학원,170,서울특별시 강서구 양천로 626,,,/ 2층 (등촌동/ 에스더학원)
미켈란젤로미술학원,200,서울특별시 강서구 공항대로41길 65,,,/ 4층407호 (등촌동/ 그랜드종합상가)
민병철어학원,356,서울특별시 강서구 공항대로 261,,,/ 발산파크프라자 304호 (마곡동)
박준영독서논술성균영어학원,100,서울특별시 강서구 강서로 300,,,/ 3층 (내발산동/ 강서농협)
박하나수학교실학원,72,서울특별시 강서구 강서로 242,,,/ 상가동 312호 (화곡동/ 강서힐스테이트)
반대안영어학원,135,서울특별시 강서구 강서로 289,,,/ 연빌딩 501호 (내발산동)
발레블리아카데미학원,390,서울특별시 강서구 공항대로 220,,,/ 411호/412호 (마곡동/ 우성에스비타워Ⅱ)
발레빌리지마곡무용학원,80,서울특별시 강서구 마곡서로 133,,,/ 마곡엠벨리7단지 713동 1001호 (마곡동)
발레스테이션학원,105,서울특별시 강서구 양천로 497,,,/ 201호 (가양동/ 강나루2차현대아파트)
발레스튜디오학원,40,서울특별시 강서구 강서로 385,,,/ 우성에스비타워/ 1002호/ 1003호 (마곡동)
발산마곡이보영의토킹클럽학원,36,서울특별시 강서구 수명로 72,,,/ 501호 (내발산동/ 발산 신성프라자)
발산스즈키바이올린앤드첼로전문음악학원,15,서울특별시 강서구 수명로 68-11,,,/ 발산타워 501호 (내발산동)
발산예일음악학원,315,서울특별시 강서구 수명로 82,,,/ 발산로얄타워 603호 (내발산동)
발산와이수학학원,168,서울특별시 강서구 강서로47길 30,,,/ 2층 일부 (내발산동/지산빌딩)
발산유투엠학원,320,서울특별시 강서구 강서로 308,,,/ 5층 일부 (내발산동/ 신양빌딩)
방화정철어학원,90,서울특별시 강서구 양천로 111,,,2 3층 (방화동)
방화한별음악학원,24,서울특별시 강서구 금낭화로17길 9,,,/ 2층 (방화동/ 삼덕빌딩)
베르티움영어리딩전문학원,298,서울특별시 강서구 우장산로 21-5,,,/ 302호 (내발산동/영조빌딩)
벨라뮤직아카데미음악학원,150,서울특별시 강서구 양천로14길 74,,,2층 (방화동)
별하스터디센터우장산독서실,1340,서울특별시 강서구 강서로45길 19,,,/ 3층/ 4층 (화곡동/ 호은빌딩)
부경국어논술학원,40,서울특별시 강서구 강서로45길 41,,,/ 601호 (화곡동/ 수명연립및수명연립덕현상가)
북두칠성360학원,70,서울특별시 강서구 양천로 658,,,/ 3층 일부 (염창동)
북두칠성학원,180,서울특별시 강서구 양천로 684,,,/ 5층 (염창동/ 부성빌딩)
분석수학강서1관학원,130,서울특별시 강서구 강서로 289,,,4층 (내발산동)
분석수학선두학원,119,서울특별시 강서구 공항대로41길 52,,,/ 5층일부/ 6층 (등촌동)
분석학원,115,서울특별시 강서구 방화대로 294,,,/ 606호 (마곡동/ 마곡더블유타워)
분트쿤스트슐레마곡미술학원,14,서울특별시 강서구 마곡중앙5로 87,,,/ 206호 (마곡동/ 우성르보아투)
브레인에듀학원,290,서울특별시 강서구 마곡중앙1로 20,,,/ 307호/401호/402호 (마곡동/ 마곡 M시그니처)
브로든영어학원,75,서울특별시 강서구 수명로 68-23,,,/ 3층 일부 (내발산동/ 유광타워)
블라썸아트미술학원,100,서울특별시 강서구 강서로31길 45,,,/ 2층 (화곡동/ 제넥스학원)
비바음악학원,70,서울특별시 강서구 방화대로 294,,,/ 마곡더블유타워 805호 (마곡동)
비상동명학원,207,서울특별시 강서구 강서로43길 49,,,/ 2층 (화곡동)
비에이발레학원,12,서울특별시 강서구 공항대로 205,,,/ 306호 (마곡동/ 에스에이치빌딩)
비엑스(VEEX)학원,24,서울특별시 강서구 양천로67길 21,,,/ 201호 (염창동/ 여명아파트)
비젼실용음악학원,39,서울특별시 강서구 양천로 72,,,7층일부 (방화동)
비커밍영어학원,15,서울특별시 강서구 마곡중앙6로 21,,,/ 320호~323호 (마곡동/ 이너매스마곡Ⅰ)
빡수수학학원,30,서울특별시 강서구 강서로48길 39,,,/ 3층 (내발산동)
빨간펜수학의달인화곡푸르지오점학원,150,서울특별시 강서구 화곡로13나길 1,,,/ 3층 (화곡동)
빼어날수학원,200,서울특별시 강서구 양천로14길 24,,,2 3층 (방화동)
뿌리깊은영어학원,22,서울특별시 강서구 강서로47길 26,,,/ 3층일부 (내발산동)
사과나무강서영어학원,1280,서울특별시 강서구 우장산로2길 21,,,/ 3층 (내발산동/ 태청빌딩)
사과나무강서원학원,1280,서울특별시 강서구 강서로 308,,,/ 3층일부 (내발산동/ 신양빌딩)
사라음악학원,118,서울특별시 강서구 우장산로 84,,,/ 3층 (화곡동/ 화진빌딩)
사사모플러스수학학원,93,서울특별시 강서구 강서로47가길 33,,,/ 1층 일부 (내발산동/ 덕산빌딩)
사사모학원,96,서울특별시 강서구 강서로47가길 20-7,,,/ 201호 (내발산동)
삼삼공학원,80,서울특별시 강서구 곰달래로 161,,,2층 (화곡동)
삼성영어셀레나학원,30,서울특별시 강서구 화곡로66길 162,,,/ 3층 (등촌동)
삼성영어신정학원,80,서울특별시 강서구 곰달래로 164,,,/ 2층 (화곡동/광수빌딩)
삼성영어우현학원,49,서울특별시 강서구 우현로 9-1,,,/ 3층 (화곡동)
삼성영어프라임학원,180,서울특별시 강서구 까치산로 151,,,/ 4층일부 (화곡동)
상산학원,60,서울특별시 강서구 까치산로 65,,,2층 (화곡동)
상상아이독서논술학원,15,서울특별시 강서구 강서로48길 39,,,/ 2층 일부 (내발산동/일호독서실)
샘실용음악학원,9,서울특별시 강서구 강서로 254,,,이편한세상상가동404호일부 (화곡동)
생각그루학원,120,서울특별시 강서구 공항대로 103,,,/ 502호 (마곡동/ 마곡엠밸리9단지업무시설동)
생각하는황소강서학원,24,서울특별시 강서구 수명로 74,,,/ 발산시티타워 501호/502호 (내발산동/ 발산시티타워)
생글독서논술학원,80,서울특별시 강서구 금낭화로 135,,,/ 509호/ 510호일부 (방화동/ 금강프라자빌딩)
서연음악학원,80,서울특별시 강서구 강서로17가길 38,,,/ 2층 (화곡동/ 예원피아노학원)
서울뉴스터디웨일즈학원,783,서울특별시 강서구 수명로 74,,,/ 4층(401/402호) (내발산동/발산시티타워)
서울두드림학원,155,서울특별시 강서구 화곡로66길 130,,,/ 201호 (등촌동)
서울명문음악학원,30,서울특별시 강서구 방화대로21길 50,,,3층 (공항동)
서울발레학원,40,서울특별시 강서구 수명로 76,,,/ 1001호/1002호 (내발산동/ 서울메디스테이트빌딩)
서울아카데미학원,98,서울특별시 강서구 양천로 626,,,3층 (등촌동)
서울컴퓨터학원,80,서울특별시 강서구 곰달래로51길 7,,,/ 2층 (화곡동)
서은영음악학원,40,서울특별시 강서구 공항대로41길 51,,,세신그린코아5층505 506호 (등촌동)
석정서예캘리학원,70,서울특별시 강서구 공항대로 220,,,/ 205호 (마곡동/ 우성에스비타워Ⅱ)
세계로학원,435,서울특별시 강서구 강서로47길29,,,2층(내발산동)
세번째질문논술학원,40,서울특별시 강서구 강서로 242,,,/ 상가동 518호 일부 (화곡동/ 강서힐스테이트)
세실음악학원,76,서울특별시 강서구 화곡로13길 108,,,2층(화곡동)
세움스피치학원,37,서울특별시 강서구 마곡중앙로 55,,,/ 205호/206호 (마곡동/ 문영 퀸즈파크13)
센트럴1리딩클럽등촌학원,123,서울특별시 강서구 공항대로41길 76,,,/ 3층303호 (등촌동/ 로얄프라자)
센트럴1리딩클럽마곡캠퍼스학원,160,서울특별시 강서구 수명로 72,,,/ 301호 (내발산동/ 발산 신성프라자)
소년공방미술학원,12,서울특별시 강서구 공항대로 222,,,/ 발산W타워 303호/ 304호 (마곡동)
소리그릇음악학원,147,서울특별시 강서구 강서로45길 110,,,/ 1층일부 (내발산동)
소리어울림음악학원,80,서울특별시 강서구 가로공원로80길 53,,,2층 (화곡동)
소리원음악학원,115,서울특별시 강서구 수명로 68-27,,,웨스트엔드문화센터601번지 (내발산동)
소울뮤직음악학원,15,서울특별시 강서구 등촌로 171,,,/ 3층 (등촌동)
솔바이올린학원,12,서울특별시 강서구 강서로 385,,,/ 우성에스비타워 601호 (마곡동)
솔소리학원,50,서울특별시 강서구 우현로 17,,,/ 3층 (화곡동/ 서흥빌딩)
수감각학원,120,서울특별시 강서구 마곡중앙5로 81,,,/ 801호 (마곡동/ 에스비타운)
수미미술학원,20,서울특별시 강서구 강서로17길 130,,,/ 1 (화곡동)
수수께끼학원,150,서울특별시 강서구 강서로47나길 24,,,/ 경우빌딩 2층 (내발산동)
수신제2관학원,48,서울특별시 강서구 강서로 304,,,/ 5층1호 (내발산동/ 영종빌딩)
수신제학원,225,서울특별시 강서구 강서로 304,,,/ 3층1호/ 5층2호 (내발산동/ 영종빌딩)
수앤영학원,170,서울특별시 강서구 등촌로51길 17,,,/ 3층 (등촌동/ 태준빌딩)
수앤큐수학학원,34,서울특별시 강서구 강서로 318-8,,,/ 301호 (내발산동)
수학과학이야기학원,210,서울특별시 강서구 양천로 674,,,/ 2층 일부(좌측) (염창동/ 다빈치어린이집)
수학나무학원,150,서울특별시 강서구 마곡중앙1로 20,,,/ 207호/213호 (마곡동/ 마곡 M시그니처)
수학당학원,50,서울특별시 강서구 강서로47길 45,,,/ 2층 (내발산동)
수학불패1관학원,92,서울특별시 강서구 강서로45길 29,,,/ 진명빌딩 4층 402호 (화곡동/진명빌딩)
수학불패2관학원,111,서울특별시 강서구 강서로45길 29,,,/ 301호 일부 (화곡동/진명빌딩)
수학불패3관학원,91,서울특별시 강서구 공항대로 140,,,/ 마곡엠밸리12단지 업무시설1동(1201동)206호/207호 (마곡동)
수학사냥학원,66,서울특별시 강서구 강서로47나길 24,,,/ 3층 (내발산동)
수학을잇다학원,175,서울특별시 강서구 우장산로 9,,,/ 2층 (내발산동/ 서광빌딩)
숙명음악학원,41,서울특별시 강서구 방화대로34길 96,,,3층 (방화동)
슈베르트피아노음악학원,98,서울특별시 강서구 공항대로 103,,,/ 406호 (마곡동/ 마곡 엠밸리 9단지)
슈테른음악학원,20,서울특별시 강서구 방화대로34길 86,,,2층일부 (방화동)
스마트해법수학방화동성학원,360,서울특별시 강서구 금낭화로 135,,,/ 204호/607호 (방화동/ 금강프라자빌딩)
스마트해법영수독서논술방화학원,103,서울특별시 강서구 양천로 85,,,/ 4층일부 (방화동/한빛산부인과의원)
스마트해법영어수학등촌백석학원,72,서울특별시 강서구 공항대로55길 17,,,/ 2층 (등촌동)
스마트해법영어학원,60,서울특별시 강서구 강서로47길 169,,,/ 401호 (내발산동/ 웨스트엔드아트센터)
스마트해법영어해법수학학원,88,서울특별시 강서구 양천로71길 8,,,/ 2층 일부 (염창동/대영빌딩)
스완(swan)발레학원,48,서울특별시 강서구 강서로54길 107,,,/ 3층 (등촌동/ 범한빌딩)
스카이독서실,112,서울특별시 강서구 강서로56길 110,,,/ 4층일부 (등촌동)
스카이탑학원,81,서울특별시 강서구 곰달래로49길 15,,,(화곡동/선광빌딩)
스칼라음악학원,60,서울특별시 강서구 월정로 156,,,/ 2층 (화곡동)
스쿨플러스학원,268,서울특별시 강서구 양천로 657,,,3층일부 (염창동)
스탠다드영어학원,66,서울특별시 강서구 강서로 285,,,/ 인소아과복합빌딩 3층일부 (내발산동)
스터디부스트(STUDIBOOST)원격학원,550,서울특별시 강서구 강서로 471,,,/ 엠코지니어스타 401호 (마곡동)
스터디플랜1학원,120,서울특별시 강서구 우장산로 21-5,,,/ 303호 (내발산동/ 영조빌딩)
스터디플랜독서실,300,서울특별시 강서구 곰달래로49길 80,,,4층 (화곡동)
스터디플랜학원,660,서울특별시 강서구 우장산로 21-5,,,/ 401호 일부 (내발산동/ 영조빌딩)
스테이발레학원,58,서울특별시 강서구 수명로 72,,,/ 701호 (내발산동/ 발산신성프라자)
스토리월드(Story world)학원,52,서울특별시 강서구 강서로 242,,,/ 518호 일부/ 519호 (화곡동/ 강서힐스테이트상가동)
스티브영어학원,188,서울특별시 강서구 강서로 318-8,,,/ 2층 201호 (내발산동)
스파르타수학학원,113,서울특별시 강서구 강서로 293,,,/ 2층 (내발산동/ 상희빌딩)
시노텍아이티인재개발학원,40,서울특별시 강서구 마곡중앙1로 20,,,/ 417호~419호 (마곡동/ 마곡 M시그니처)
시매쓰강서중앙보습학원,236,서울특별시 강서구 강서로 279,,,2층일부 3층일부 (내발산동)
시성수학영어학원,50,서울특별시 강서구 양천로75길 7,,,/ 유니빌딩 4층 (염창동)
시스템학원,24,서울특별시 강서구 강서로41길 32,,,삼우빌딩2층 (화곡동)
시작부터마무리까지학원,120,서울특별시 강서구 강서로45길 28,,,/ 2층 일부 (내발산동)
신글맥학원,130,서울특별시 강서구 초록마을로 40,,,/ 2층 (화곡동/ 기림보습학원학원)
신라라음악학원,60,서울특별시 강서구 강서로45길 118,,,/ 2층일부 (내발산동)
신미래탐구학원,70,서울특별시 강서구 등촌로5길 83,,,/ 2층 (화곡동)
신방화센클영어도서관학원,5,서울특별시 강서구 방화대로 294,,,/ 313호 (마곡동/ 마곡더블유타워)
신방화점와와학습코칭학원,264,서울특별시 강서구 방화대로 294,,,/ 마곡더블유타워 505호 (마곡동/ 마곡더블유타워)
신이화피아노학원,37,서울특별시 강서구 초록마을로14길 37,,,/ 화곡빌딩 2층 (화곡동/호산나빌)
신정모짜르트음악학원,60,서울특별시 강서구 곰달래로31길 15,,,/ 디헤리움/ 3층 (화곡동)
신제일학원,130,서울특별시 강서구 화곡로66길 90,,,/ 201호 (등촌동/ 등촌동코오롱아파트 생활편익시설동)
써니영어전문학원,64,서울특별시 강서구 양천로73길 90,,,/ 2층 일부 (염창동/ 두원빌딩)
쏙쏙독서실,150,서울특별시 강서구 강서로18길 112,,,/ 2층/ 3층 (화곡동/ 홍익빌딩)
쓰리원전과목일대일학원,29,서울특별시 강서구 강서로 304,,,/ 6층-1호 (내발산동)
쓰임무용학원,30,서울특별시 강서구 방화대로34길 86,,,/ 4층일부 (방화동)
씨앤이(CNE)첼시어학원,232,서울특별시 강서구 마곡중앙1로 20,,,/ 212호/217호/218호/219호/220호 (마곡동/ 마곡 M시그니처)
씨엔씨영어수학의힘학원,90,서울특별시 강서구 강서로 300,,,/ 4층 (내발산동/강서농협)
씨엠에스영재강서학원,274,서울특별시 강서구 공항대로 334,,,/ 4층 일부 (내발산동/ 백상빌딩)
씨오엠실용음악학원,3,서울특별시 강서구 공항대로 335,,,경왕빌딩4층 (등촌동)
씨투엠학원,126,서울특별시 강서구 마곡서로 133,,,/ 마곡엠밸리7단지 713동/ 401호/801호 (마곡동)
아담리즈강서센터학원,20,서울특별시 강서구 강서로 385,,,/ 909호/910호 일부 (마곡동)
아뜰리에미술학원,90,서울특별시 강서구 화곡로66길 153,,,/ 8층일부 (등촌동/ 아이엠센터)
아띠음악학원,40,서울특별시 강서구 공항대로38길 80,,,명성빌딩3층 (내발산동)
아라온스쿨원격학원,4500,서울특별시 강서구 마곡중앙6로 66,,,/ 퀸즈파크텐 B동 414호~417호 (마곡동)
아르매쓰수학학원,90,서울특별시 강서구 강서로47길 40,,,/ 2층 (내발산동)
아름다운세상만들기간호학원,120,서울특별시 강서구 공항대로 557,,,/ 101동 301호 (염창동/ 등촌제이스카이)
아발론랭콘강서어학원,140,서울특별시 강서구 마곡중앙5로 87,,,/ 303호/ 304호 305-1호 (마곡동/ 우성르보아투)
아버잉글리쉬(Arbor English)학원,84,서울특별시 강서구 방화대로 294,,,/ 마곡더블유타워 413호 (마곡동)
아이글로벌리더아카데미1학원,84,서울특별시 강서구 까치산로10길 8,,,/ 1층 (화곡동)
아이글로벌리더아카데미2학원,72,서울특별시 강서구 까치산로10길 8,,,/ 2/3/4층 (화곡동)
아이들꿈음악학원,50,서울특별시 강서구 허준로 198,,,가양프라자503호 (가양동)
아이비실용음악학원,15,서울특별시 강서구 화곡로 429,,,토피아빌딩7층 (가양동)
아이비영재학원,228,서울특별시 강서구 양천로 655,,,/ 3층 일부 (염창동/ 시성학원)
아이비일이공(IVY120)어학원,24,서울특별시 강서구 화곡로 420,,,외1필지통산빌딩2 3 4층 (등촌동)
아이엠그라운드학원,16,서울특별시 강서구 방화대로31길 8,,,/ 2층 (방화동)
아이클라학원,165,서울특별시 강서구 공항대로41길 65,,,408호 (등촌동)
아카데미라운지염창독서실,678,서울특별시 강서구 양천로 684,,,/ 6층전체/ 7층일부 (염창동)
아트앤하트미리내미술학원,18,서울특별시 강서구 곰달래로 173,,,/ 2층일부 (화곡동/영재어린이집)
아트앤하트생각플러스학원,95,서울특별시 강서구 공항대로59다길 85,,,/ 2층 (염창동/ 대진빌딩)
아트하우스(Art haus)450미술학원,32,서울특별시 강서구 곰달래로31길 34,,,/ 2층 (화곡동/킴스아카데미)
알앤티키즈학원,48,서울특별시 강서구 강서로47길 169,,,/ 601호/ 602호 (내발산동/ 웨스트엔드아트센터)
알토미술학원,69,서울특별시 강서구 곰달래로31길 6,,,/ 1층 2층 (화곡동)
알티오라독서실,70,서울특별시 강서구 화곡로21길 87,,,/ 4층 일부 (화곡동/ 해온빌딩)
애니캣미술학원,140,서울특별시 강서구 강서로 213,,,/ 우장산새마을금고 5층 (화곡동)
액팅쏘울연기학원,40,서울특별시 강서구 수명로 80,,,/ 903호/904호 (내발산동/ 베스트프라자빌딩)
앤트스터디스파르타관학원,260,서울특별시 강서구 화곡로66길 76,,,/ 2층 (등촌동)
얀(YAN)영어전문학원,54,서울특별시 강서구 초록마을로 33,,,/ 3층 (화곡동/평강채씨첨정공파빌딩)
어나더레벨학원,780,서울특별시 강서구 강서로 277,,,/ 5층 (내발산동)
어썸에듀학원,240,서울특별시 강서구 방화대로 294,,,/ 713호 (마곡동/ 마곡더블유타워)
어썸영어학원,110,서울특별시 강서구 개화동로23길 94,,,/ 4층 (방화동)
어썸팩토리마곡플레이스독서실,1236,서울특별시 강서구 방화대로 294,,,/ 마곡더블유타워 701호~703호일부 (마곡동)
어퍼룸영어학원,20,서울특별시 강서구 강서로 318-7,,,/ 2층 (내발산동)
에듀라인학원,48,서울특별시 강서구 양천로 684,,,/ 2층일부/ 3층일부 (염창동)
에듀삼성학원,294,서울특별시 강서구 양천로 73,,,/ 401호/401-1호/402호/404호 (방화동/ 멤브로메디컬센터)
에듀솔어학원,260,서울특별시 강서구 수명로 82,,,발산로얄타워801 802 803호 (내발산동)
에듀원플러스학원,156,서울특별시 강서구 초록마을로 27,,,/ 2층 (화곡동)
에듀윌공인중개사학원,10899,서울특별시 강서구 공항대로 287,,,/ 5층일부 (등촌동/ 화인빌딩)
에듀코치개별지도등촌학원,612,서울특별시 강서구 강서로56길 110,,,/ 3층 일부 (등촌동)
에듀코치개별지도마곡학원,972,서울특별시 강서구 방화대로 294,,,/ 507호 일부 (마곡동/ 마곡더블유타워)
에듀코치개별지도염창학원,600,서울특별시 강서구 양천로 657,,,/ 2층 일부 (염창동)
에듀코치개별지도화곡학원,300,서울특별시 강서구 강서로45길 41,,,/ 301호 일부 (화곡동/ 수명연립및수명연립덕현상가)
에듀탑학원,60,서울특별시 강서구 곰달래로49길 80,,,3층 (화곡동)
에땅아뜰리에미술학원,120,서울특별시 강서구 방화대로 294,,,/ 806호 (마곡동/ 마곡더블유타워)
에반어학원,24,서울특별시 강서구 강서로45길19,,,2층(화곡동)
에반이즈사고력교육학원,72,서울특별시 강서구 강서로47길 169,,,/ 901호 (내발산동/ 웨스트엔드아트센터)
에벤에셀보습학원,108,서울특별시 강서구 화곡로 13길 111,,,2층(화곡동)
에스씨요리학원,344,서울특별시 강서구 마곡서로 101,,,/ 동익드미라벨복합빌딩 827~831호 (마곡동)
에스앤비수학학원,100,서울특별시 강서구 양천로 677,,,/ 5층 일부 (염창동/ 염창하이츠빌딩)
에스에이티(SAT)학원,360,서울특별시 강서구 화곡로 160,,,/ 4층/5층 (화곡동)
에스엘에이영어수학학원,90,서울특별시 강서구 초록마을로 31,,,/ 3층 (화곡동)
에스엘피영어학당어학학원,144,서울특별시 강서구 강서로 392-11,,,3 4층 (등촌동)
에스엠음악학원,45,서울특별시 강서구 마곡중앙5로 81,,,/ 에스비타운 904호 (마곡동)
에스엠항공여행아카데미학원,160,서울특별시 강서구 방화대로 294,,,/ 903호 (마곡동/ 마곡더블유타워)
에스오에스(SOS)영어쎈수학학원,61,서울특별시 강서구 우현로 13,,,/ 2층 (화곡동)
에스이씨(SEC)영어학원,58,서울특별시 강서구 강서로 277,,,/ 4층 일부 (내발산동/ ES빌딩)
에스제이에반보습어학원,78,서울특별시 강서구 강서로12길 23-5,,,외1필지1-4층 (화곡동)
에이블랑발레스튜디오학원,196,서울특별시 강서구 마곡중앙6로 93,,,/ 506호 (마곡동/ 열린프라자)
에이블잉글리쉬학원,76,서울특별시 강서구 양천로 646-29,,,3층 (염창동)
에이블학원,70,서울특별시 강서구 허준로 23,,,/ 2층210호 (가양동/ 한강아파트)
에이스간호학원,90,서울특별시 강서구 공항대로 329,,,/ 청호프라자 3층 일부 (등촌동)
에이플러스프리미엄독서실,250,서울특별시 강서구 강서로 210,,,/ 5층 일부 (화곡동)
에임하이아카데미논술보습학원,84,서울특별시 강서구 양천로67길 15,,,/ 3층일부/ 6층일부 (염창동/ 한희빌딩)
에폴영어학원,54,서울특별시 강서구 공항대로55길 34,,,/ 2층 (등촌동)
엔젤음악학원,75,서울특별시 강서구 마곡서로 133,,,/ 마곡엠밸리7단지 713동 301호 (마곡동)
엘발레스튜디오(마곡나루점)학원,140,서울특별시 강서구 마곡중앙로 171,,,/ 313호~315호 (마곡동/ 마곡나루역프라이빗타워2)
엘이제이(LEJ)학원,728,서울특별시 강서구 강서로47길 35,,,/ 2층 일부 (내발산동/ 진남빌딩)
엘힘수능내신학원,52,서울특별시 강서구 양천로11길 21,,,/ 3층 (방화동)
엠밸리바둑학원,90,서울특별시 강서구 마곡중앙1로 26,,,/ 305호/306호 (마곡동/ 엠리체)
엠밸리아인음악학원,120,서울특별시 강서구 공항대로 124,,,/ 마곡엠벨리11단지 업무시설동 1105-109호 (마곡동)
엠밸리음악학원,122,서울특별시 강서구 마곡중앙5로 81,,,/ 에스비타운 910호 (마곡동)
엠베스트국풍2000국어학원,75,서울특별시 강서구 수명로 80,,,/ 401~402호 (내발산동/ 베스트프라자빌딩)
엠베스트에스이(SE)초중고전문공부학원,110,서울특별시 강서구 까치산로4길 11,,,/ 3층 (화곡동)
엠오에듀학원,60,서울특별시 강서구 마곡중앙1로 10,,,/ 223/224/225/226호 (마곡동)
엠제이자기주도학습학원,53,서울특별시 강서구 곰달래로31가길 24,,,/ 1층일부/ 2층 (화곡동)
엠케이(MK)피부미용학원,64,서울특별시 강서구 등촌로 59,,,/ 1층 (화곡동)
엠코딩로봇학원,195,서울특별시 강서구 마곡중앙5로 81,,,/ 1103호 (마곡동)
엠피아실용음악학원,9,서울특별시 강서구 화곡로 138,,,3층 (화곡동)
여는학원,72,서울특별시 강서구 강서로41길 28,,,2층 (화곡동)
연세간호학원,80,서울특별시 강서구 곰달래로 271,,,4층 (화곡동)
연세멘토학원,60,서울특별시 강서구 공항대로41길 66,,,세신종합상가411호 410호일부 (등촌동)
연세엠(M)학원,110,서울특별시 강서구 곰달래로49길 56,,,/ 2층 (화곡동/새하얀음악학원)
연세음악학원,81,서울특별시 강서구 공항대로63길 14,,,/ 염창3차우성상가 201호/ 202호 (염창동/ 염창3차우성상가)
열린학원,90,서울특별시 강서구 양천로24길 43,,,/ 2층 일부 (방화동/행복한교회)
열매음악학원,4,서울특별시 강서구 곰달래로31길 6외1,,,/ 3층/ 4층 (화곡동)
열정수학학원,65,서울특별시 강서구 강서로47나길 6,,,/ 2층 (내발산동)
열정의신영수학원,1180,서울특별시 강서구 강서로45길 41,,,/ 201호 (화곡동/ 수명연립및수명연립덕현상가)
염창뉴스터디학원,550,서울특별시 강서구 양천로 628,,,우건빌딩5층 (염창동)
염창매쓰폴학원,168,서울특별시 강서구 양천로73길 24,,,/ 상가동 201호 (염창동/염창힐스테이트)
염창유투엠학원,70,서울특별시 강서구 공항대로59다길 79,,,/ 2층 (염창동)
염창작심독서실,112,서울특별시 강서구 양천로 628,,,/ 6층 일부 (염창동/ 홍익빌딩)
영렘브란트마곡미술학원,36,서울특별시 강서구 공항대로 103,,,/ 407호 (마곡동/마곡엠밸리9단지업무시설동)
영렘브란트우장산센터미술학원,32,서울특별시 강서구 강서로 242,,,/ 강서힐스테이트상가동 408호 (화곡동/ 강서힐스테이트)
예명음악학원,50,서울특별시 강서구 등촌로39길 27,,,2층일부 (등촌동)
예우선원아카데미보습학원,87,서울특별시 강서구 강서로45길 29,,,/ 101호 일부 (화곡동)
예우선잉글리쉬스타학원,42,서울특별시 강서구 공항대로 124,,,/ 마곡엠밸리11단지 업무시설동 1106동 205~206호 (마곡동/ 마곡엠밸리11단지)
예원수학학원,108,서울특별시 강서구 공항대로41길 43,,,새한프라자501호 (등촌동)
예은아카데미음악학원,14,서울특별시 강서구 방화대로41길 30,,,/ 2층 일부 (방화동/서부빌딩)
예일아카데미학원,500,서울특별시 강서구 월정로 156,,,/ 3/4층 (화곡동/ 평화빌딩)
예카테리나발레학원,150,서울특별시 강서구 양천로75길 7,,,/ 2층 (염창동/ 유니빌딩)
오늘미술학원,370,서울특별시 강서구 강서로 215,,,/ 삼광빌딩 4층/ 5층 (화곡동)
오늘학원,430,서울특별시 강서구 등촌로13길 31,,,/ 2층 (화곡동)
오동현영어학원,30,서울특별시 강서구 방화대로 294,,,/ 마곡더블유타워 312호 (마곡동/ 마곡더블유타워)
오하운폴댄스학원,390,서울특별시 강서구 마곡동로 62,,,/ 502호/506호 (마곡동/ 사이언스타워)
옥스포드학원,170,서울특별시 강서구 초록마을로 29-1,,,외1필지2층 (화곡동)
온더데스크등촌센터독서실,116,서울특별시 강서구 공항대로 329,,,/ 6층 일부(등촌동/ 청호프라자) (등촌동)
온뮤직실용음악강서학원,82,서울특별시 강서구 강서로 186,,,외1필지2층일부 (화곡동)
올라음악학원,140,서울특별시 강서구 공항대로 103,,,/ 607호 (마곡동/마곡엠밸리9단지업무시설동)
옹달샘음악학원,120,서울특별시 강서구 양천로71가길 22,,,/ 2층 (염창동/일신건영휴먼빌아파트)
와와코칭보습학원,3278,서울특별시 강서구 양천로67길 15,,,/ 5층일부 (염창동/ 한희빌딩)
와이디아카데미2관학원,150,서울특별시 강서구 월정로32길 22,,,/ 3층 (화곡동/ 한도빌딩)
와이디아카데미러닝센터학원,120,서울특별시 강서구 가로공원로76길 44,,,/ 2층 (화곡동/명이소아과의원)
와이디아카데미학원,285,서울특별시 강서구 월정로32길 35,,,/ 2층/3층 (화곡동)
와이비엠잉글루강신학원,152,서울특별시 강서구 화곡로 13길 28,,,2층(화곡동)
와이비엠잉글루발산2학원,200,서울특별시 강서구 강서로45길 110,,,2층일부 (내발산동)
와이엘에듀학원,200,서울특별시 강서구 강서로45길 39,,,/ 3층 (화곡동/ 해오름미술학원)
와이즈교육목동코딩학원,80,서울특별시 강서구 등촌로 183,,,/ 세스빌딩 6층일부 (등촌동)
와이즈교육원격학원,400,서울특별시 강서구 등촌로 183,,,/ 세스빌딩 6층일부 (등촌동)
와이즈수학학원,48,서울특별시 강서구 수명로 68-11,,,/ 602호 (내발산동/ 발산타워)
와이키즈강서마곡센터학원,51,서울특별시 강서구 방화대로 294,,,/ 510호(마곡동/ 더블유타워 510호) (마곡동)
왕은숙음악학원,40,서울특별시 강서구 개화동로23길 94,,,/ 3층일부 (방화동)
외대학원,100,서울특별시 강서구 양천로 583,,,/ A-705호 (염창동/ 우림블루나인)
요미요미마곡미술학원,12,서울특별시 강서구 마곡중앙1로 20,,,/ 마곡M시그니처 311~313호 (마곡동)
우리과학전문학원,205,서울특별시 강서구 강서로47길 26,,,/ 2층 일부(우측) (내발산동/ 프린시피아학원)
우리그림승연미술학원,12,서울특별시 강서구 강서로 43,,,/ 803호 (화곡동/ 도양라비앙타워)
우장산로드맵보습학원,162,서울특별시 강서구 강서로 267,,,/ 송화쇼핑센터 G042호 (내발산동)
우장산수학학원,56,서울특별시 강서구 강서로45가길 11,,,/ 3층 (화곡동)
우장산캠퍼스정이조영어학원,255,서울특별시 강서구 강서로 267,,,/ 6층 G061호/G063호 (내발산동/ 송화쇼핑센터)
우진독서실,215,서울특별시 강서구 곰달래로53가길 3,,,4층 (화곡동)
울림실용음악학원,40,서울특별시 강서구 강서로56가길 41,,,/ 7층 (등촌동/ 민경빌딩)
웅진씽크빅학습센터등촌학원,119,서울특별시 강서구 공항대로55길 33,,,/ 3층 (등촌동)
웅진씽크빅학습센터마곡2학원,180,서울특별시 강서구 마곡중앙로 59-21,,,/ 에이스타워Ⅱ 421호/422호 (마곡동/ 에이스타워2)
웅진씽크빅학습센터마곡학원,180,서울특별시 강서구 마곡중앙5로 81,,,/ 에스비타운 708호 (마곡동)
웅진씽크빅학습센터방화학원,180,서울특별시 강서구 방화대로34길 92,,,/ 불해빌딩 3층일부 (방화동)
웅진씽크빅학습센터화곡학원,180,서울특별시 강서구 우현로 13,,,/ 3층 (화곡동/한주F&I)
웅진프라임강서학원,180,서울특별시 강서구 화곡로 258,,,/ 6층 (화곡동/ 대한빌딩)
웅진프라임등촌학원,119,서울특별시 강서구 공항대로41길 50,,,/ 303호~306호 (등촌동/ 보고시티프라자)
웅진프라임마곡학원,60,서울특별시 강서구 방화대로31길 2,,,/ 4층 (방화동)
원더폴댄스학원,11,서울특별시 강서구 양천로 461,,,/ 4층일부 (가양동/ 주영빌딩)
원탑스터디센터마곡독서실,4949,서울특별시 강서구 수명로 68-27,,,/ 201호일부/202호 (내발산동/ 웨스트엔드 문화센터)
웹툰앤툰만화학원,140,서울특별시 강서구 방화대로34길 102,,,/ 2층 일부 (방화동)
위너스수학학원,35,서울특별시 강서구 강서로45길 29,,,/ 5층일부 (화곡동/진명빌딩)
위더스아카데미학원,192,서울특별시 강서구 양천로 682,,,/ 3층 (염창동/ 동광빌딩)
위더스영수학원,68,서울특별시 강서구 화곡로13길 28,,,/ 3층 일부 (화곡동)
위드멘토학원,180,서울특별시 강서구 공항대로42길 63,,,2층 (내발산동)
위드유(with you)영어수학전문학원,56,서울특별시 강서구 방화대로7길 44,,,/ 대산빌딩 2층/ 3층 (공항동)
위버지니어스강서마곡학원,400,서울특별시 강서구 공항대로 242,,,/ 408호~414호 (마곡동/ 열린M타워Ⅱ)
위원더영어학원,96,서울특별시 강서구 방화대로 294,,,/ 508호/603호 (마곡동/ 마곡더블유타워)
위즈덤학원,240,서울특별시 강서구 양천로26길 35,,,/ 2층일부 (방화동/언약)
유나피아노학원,10,서울특별시 강서구 마곡중앙5로 87,,,/ 우성르보아투 305호 (마곡동/ 우성르보아투)
유니팝염창미술학원,58,서울특별시 강서구 양천로 646-32,,,/ 2층 (염창동)
유베스타학원,22,서울특별시 강서구 양천로69길 18,,,/ 극동아파트 상가동 201호 (염창동/극동아파트)
유씨오홍수학학원,176,서울특별시 강서구 강서로45길 49-10,,,/ 2층 (내발산동)
유인어스학원,820,서울특별시 강서구 강서로 327,,,/ 4층 일부 (내발산동/ 원영빌딩)
유키즈보습학원,135,서울특별시 강서구 곰달래로22길 35,,,4 5층 (화곡동)
윤선생아이지에스이(Igse)하이스트포미염창학원,55,서울특별시 강서구 양천로 691-3,,,/ 2층 일부 (염창동)
윤선생아이지에스이아카데미(IGSE Academy)마곡학원,177,서울특별시 강서구 마곡중앙5로 81,,,/ 701호 (마곡동/ 에스비타운)
윤선생영어숲우장산학원,101,서울특별시 강서구 강서로48길 33,,,/ 2층 (내발산동)
윤정희피아노학원,60,서울특별시 강서구 방화대로37길 35,,,현대아파트 상가301호 (방화동)
율뮤직아카데미학원,49,서울특별시 강서구 양천로66길 6,,,/ 삼성한사랑아파트 생활편익시설 203호/ 204호 (등촌동/ 삼성한사랑아파트)
으뜸학원,27,서울특별시 강서구 강서로45길 92-32,,,/ 2층 (내발산동)
은혜간호조무사학원,305,서울특별시 강서구 화곡로 162,,,/ 4층/ 5층 (화곡동)
음악나라음악학원,40,서울특별시 강서구 공항대로41길 66,,,/ 504/505호 (등촌동/세신종합상가)
의사대염경캠퍼스학원,38,서울특별시 강서구 양천로69길 58,,,염창동아아파트상가 201/202호(염창동)
의심을확신으로바꾸는강의용수학학원,108,서울특별시 강서구 강서로 348,,,/ 상가1동 406호/415호/416호 (내발산동/ 우장산힐스테이트)
이데아수학학원,30,서울특별시 강서구 강서로54길 90,,,/ 3층 (등촌동)
이람고등관학원,288,서울특별시 강서구 수명로 68-23,,,/ 5층 일부 (내발산동/ 더이안타워)
이람학원,139,서울특별시 강서구 수명로 68-23,,,/ 5층 일부 (내발산동/ 더이안타워)
이마고에듀케이션학원,840,서울특별시 강서구 방화대로31길 2,,,/ 6층 일부 (방화동)
이보영의토킹클럽등촌학원,40,서울특별시 강서구 등촌로39길 6,,,/ 3층2호 (등촌동)
이보영의토킹클럽마곡1/방화학원,64,서울특별시 강서구 마곡중앙5로 81,,,/ 에스비타운 808호 (마곡동)
이산수학특화학원,96,서울특별시 강서구 마곡중앙5로 81,,,/ 에스비타운 802호 (마곡동)
이산수학학원,80,서울특별시 강서구 마곡중앙5로 81,,,/ 803호 (마곡동/ 에스비타운)
이상추구학원,40,서울특별시 강서구 가로공원로 191,,,/ 301호 (화곡동/ 류성빌딩)
이스토리아카데미학원,45,서울특별시 강서구 마곡중앙5로 81,,,/ 에스비타운 508호 (마곡동)
이아이이(EiE)어학원,64,서울특별시 강서구 양천로65길 17,,,/ 2층/ 3층 (염창동)
이앤엠학원,34,서울특별시 강서구 강서로 257,,,4층일부 (내발산동)
이엔씨학원,720,서울특별시 강서구 마곡중앙5로 81,,,/ 303호 (마곡동/ 에스비타운)
이엠피학원,160,서울특별시 강서구 마곡중앙3로 74,,,/ 3층 (마곡동)
이재용더(the)쉬운수학학원,60,서울특별시 강서구 강서로45길 9,,,/ 4층 일부 (화곡동)
이정순댄스아카데미학원,340,서울특별시 강서구 방화동로 20,,,/ 3층 (공항동)
이지수학보습학원,10,서울특별시 강서구 공항대로41길 76,,,501호일부 (등촌동)
이지스수학학원,35,서울특별시 강서구 방화대로 294,,,/ 마곡더블유타워 808/809호 (마곡동/ 마곡더블유타워)
이창용수학학원,60,서울특별시 강서구 강서로 348,,,/ 상가1동 303호/304호 (내발산동/ 우장산힐스테이트)
이케이영어전문학원,32,서울특별시 강서구 강서로 279,,,/ 4층 일부 (내발산동)
이투스24/7학원,700,서울특별시 강서구 강서로 348,,,/ 우장산힐스테이트 상가1동 207호 (내발산동/ 우장산힐스테이트)
이튼강서독학재수학원,320,서울특별시 강서구 강서로 213,,,/ 우장산새마을금고 3층일부/4층 (화곡동)
인성학원,152,서울특별시 강서구 화곡로26가길 32,,,/ 2~3층 (화곡동)
인스타학원,120,서울특별시 강서구 강서로47길 45,,,/ 3층 (내발산동)
인텔마이티인공지능코딩학원,124,서울특별시 강서구 강서로45길 17,,,/ 4층 (화곡동/ 창건빌딩)
일프로보습학원,35,서울특별시 강서구 강서로 304,,,4층 (내발산동)
잇올스파르타강서독학관리학원,273,서울특별시 강서구 마곡중앙4로 74,,,/ 이웰메디파크 503호/504호/505호 일부 (마곡동)
잇올스파르타프리미엄관리형독서실,651,서울특별시 강서구 마곡중앙4로 74,,,/ 이웰메디파크 505호일부/ 506호~509호 (마곡동)
잉글리쉬무무내발산어학원,490,서울특별시 강서구 강서로 316,,,/ 4층 (내발산동/ 창우빌딩)
잉글리쉬플래너학원,80,서울특별시 강서구 양천로73길 33,,,/ 3층 (염창동/ 유앤아이빌딩)
잉크레더블강서학원,24,서울특별시 강서구 강서로 275,,,/ 정우빌딩 3층 (내발산동/ 정우빌딩)
잼교육학원,18,서울특별시 강서구 공항대로 124,,,/ 마곡엠벨리11단지 판매시설동 1101동 109호 (마곡동/ 마곡엠밸리11단지)
전상준극강영어학원,90,서울특별시 강서구 공항대로41길 50,,,/ 701/702/703호 (등촌동)
정민혜밀착영어학원,12,서울특별시 강서구 강서로45라길 18,,,/ 2층 (내발산동)
정상플러스학원,120,서울특별시 강서구 양천로67길 15,,,/ 3층 일부 (염창동)
정석사관학원,308,서울특별시 강서구 양천로14길 52,,,2층 (방화동)
정석학원,81,서울특별시 강서구 곰달래로31길 15,,,/ 디헤리움 201호 (화곡동)
정음악학원,36,서울특별시 강서구 방화대로50길 7,,,대림A상가 2층201~203 (방화동)
제더스아카데미학원,73,서울특별시 강서구 마곡서로 133,,,/ 201호 일부/ 202호 (마곡동/ 마곡엠밸리7단지)
제이아트(J Art)음악학원,80,서울특별시 강서구 수명로 76,,,/ 서울메디스테이트빌딩 702호 (내발산동)
제이앤씨학원,32,서울특별시 강서구 강서로45길 33,,,2층 (화곡동)
제이앤영어전문학원,48,서울특별시 강서구 강서로46길 39,,,2층 (내발산동)
제이앤제이(J&J)댄스스포츠학원,100,서울특별시 강서구 등촌로 21,,,/ 4층 (화곡동)
제이윤음악학원,36,서울특별시 강서구 등촌로53길 39,,,태진아름아파트 3층(302/304호)(등촌동)
제이케이에스(JKS)조이주니어학원,60,서울특별시 강서구 곰달래로 168,,,/ 동연빌딩 2층 (화곡동)
제이케이학원,120,서울특별시 강서구 공항대로55길 33,,,/ 2층 일부 (등촌동/성명빌딩)
제일학원,120,서울특별시 강서구 양천로69길 19,,,2층일부 (염창동)
제플린영어보습학원,118,서울특별시 강서구 강서로45길 49-38,,,/ 3층 (화곡동/등용빌딩)
젠큐브독서실,194,서울특별시 강서구 방화대로34길 92,,,/ 4층일부 (방화동/ 불해빌딩)
조은미술학원,50,서울특별시 강서구 까치산로4길 11,,,/ 2층 (화곡동)
조이피아노음악학원,48,서울특별시 강서구 공항대로41길 65,,,/ 401호 (등촌동)
조태영음악학원,80,서울특별시 강서구 양천로14길 78,,,3층 (방화동)
주공수학과학전문학원,24,서울특별시 강서구 강서로47나길 6,,,/ 3층 (내발산동)
주니어줄리어드음악학원,110,서울특별시 강서구 초록마을로8길 4,,,/ 1층 (화곡동)
주니퍼실용음악학원,102,서울특별시 강서구 양천로 489,,,/ 상가동 301호/302호/303호 (가양동/ 가양우성아파트)
주영보습학원,234,서울특별시 강서구 등촌로39길 13,,,2층 (등촌동)
쥴리아드음악학원,940,서울특별시 강서구 강서로46길 47,,,/ 2층 (내발산동/동산빌딩)
즐겨찾기컴퓨터학원,70,서울특별시 강서구 강서로17길 25,,,/ 7층 일부 (화곡동)
지앤비발산보습학원,80,서울특별시 강서구 강서로 327,,,/ 5층일부 (내발산동/ 원영빌딩)
지앤비영어전문학원,150,서울특별시 강서구 까치산로4길 50,,,/ 1층일부/ 2층 (화곡동)
지평학원,129,서울특별시 강서구 등촌로47길 8,,,/ 지평학원 2층 3층 (등촌동)
지학보습학원,132,서울특별시 강서구 곰달래로49길 41,,,/ 2층 (화곡동)
짜요짜요중국어학원,4,서울특별시 강서구 강서로45다길21,,,2층(화곡동)
차별과특별함학원,330,서울특별시 강서구 방화대로37길 15,,,/ 상가동 201호~204호 (방화동/신동아아파트)
참조은음악학원,40,서울특별시 강서구 까치산로4길 11,,,/ 4층 (화곡동)
참포도나무엠베스트에스이(SE)학원,114,서울특별시 강서구 화곡로 161,,,/ 401호일부 (화곡동/ 대성빌딩)
창조의아침미술학원,120,서울특별시 강서구 강서로 308,,,/ 4층일부 (내발산동/신양빌딩)
채움스피치학원,21,서울특별시 강서구 마곡중앙1로 14,,,/ 303호/304호 (마곡동/ M밸리 W TOWER Ⅳ)
책나무&수노리학원,56,서울특별시 강서구 강서로 254,,,/ 상가동 305호 (화곡동/ 우장산아이파크이편한세상)
천년의미소미술학원,140,서울특별시 강서구 강서로 186,,,/ 3층 일부 (화곡동/동방약국)
청담에이프릴어학원,78,서울특별시 강서구 공항대로 345,,,/ 3층 (등촌동)
청록보습학원,140,서울특별시 강서구 등촌로39가길 42,,,/ 2층 (등촌동/ 두보하이츠연립주택)
청산학원,1205,서울특별시 강서구 강서로 183,,,/ 대사빌딩 B동 1층일부/ 2층~5층(화곡동/대사AllPass학원) (화곡동)
청암미술학원,94,서울특별시 강서구 등촌로39길 17-7,,,2층 (등촌동)
최강보습학원,180,서울특별시 강서구 강서로45길 28,,,/ 3층 일부 (내발산동)
최강정예학원,84,서울특별시 강서구 양천로 690,,,/ 호서빌딩 8층 (염창동/호서빌딩)
최강학원,300,서울특별시 강서구 우장산로 24,,,우진빌딩 3층(내발산동)
최강해법보습학원,36,서울특별시 강서구 가로공원로76길 73,,,3층일부 (화곡동)
최지원논술국어학원,110,서울특별시 강서구 양천로73길 90,,,/ 2층 일부 (염창동/ 두원빌딩)
최효진무용학원,50,서울특별시 강서구 강서로 242,,,/ 강서힐스테이트상가 4층4호/4층5호 (화곡동)
추상미술학원,30,서울특별시 강서구 공항대로59길 42,,,/ 3층 (등촌동)
카이스트보습학원,65,서울특별시 강서구 곰달래로 195,,,/ 2층 (화곡동/ 풍한빌딩)
칸타빌레뮤직음악학원,310,서울특별시 강서구 곰달래로 182-1,,,/ 2층/ 3층 (화곡동/ 정화학원)
캉가잉글리쉬학원,120,서울특별시 강서구 마곡중앙1로 26,,,/ 204호/205호 (마곡동/ 엠리체)
캘리잉글리시영어학원,30,서울특별시 강서구 강서로62길 98,,,/ 201호일부 (등촌동)
커피인바리스타학원,132,서울특별시 강서구 강서로 155,,,/ 3층일부 (화곡동/등대빌딩)
컴퍼스수학학원,100,서울특별시 강서구 우장산로 9,,,/ 3층 (내발산동/ 서광빌딩)
케이아트아카데미실용음악학원,111,서울특별시 강서구 강서로54길 102,,,/ 2층 (등촌동/ 세범빌딩)
케이투학원,88,서울특별시 강서구 허준로 16-12,,,/ 501호일부 (가양동/동남빌딩)
켈스영어수학학원,200,서울특별시 강서구 까치산로10길 73,,,/ 3/4층 (화곡동/성진빌딩)
코딩클래스학원,224,서울특별시 강서구 수명로 82,,,/ 403호 (내발산동/ 발산로얄타워)
코리아발레아카데미학원,50,서울특별시 강서구 강서로 43-17,,,/ 502호 (화곡동/ 오거닉스타워)
코스모스영어학원,36,서울특별시 강서구 방화대로 294,,,/ 마곡더블유타워 802호 (마곡동)
크레아티브쿤스트교육학원,170,서울특별시 강서구 방화대로45길 32,,,/ 4층 (방화동/ 방화동 동부센트레빌)
크로스수학학원,72,서울특별시 강서구 강서로16길 20,,,/ 3층 (화곡동)
큰나무들의숲학원,16,서울특별시 강서구 공항대로 335,,,/ 5층 (등촌동)
클라라음악학원,68,서울특별시 강서구 강서로47길 165,,,/ 신원메디칼프라자 802호 (내발산동)
클러스트벤처스원격평생교육직업학원,300,서울특별시 강서구 마곡중앙6로 42,,,/ 306호 (마곡동/ 마곡사이언스타)
키스톤수학학원,60,서울특별시 강서구 공항대로41길 65,,,/ 4층 406호 (등촌동/ 그랜드종합상가)
키즈스피치마루지웅변학원,24,서울특별시 강서구 강서로 348,,,/ 우장산힐스테이트상가 1동 310/311호 (내발산동/우장산힐스테이트)
키즈아카데미어학원,30,서울특별시 강서구 강서로47길 126,,,/ (4층) (내발산동/예일유치원)
킹스턴잉글리쉬스쿨영어전문학원,60,서울특별시 강서구 곰달래로 177,,,/ 2층 (화곡동)
타키온학원,27,서울특별시 강서구 강서로45길 42,,,2층 (내발산동)
탑매쓰(TOPMATH)학원,90,서울특별시 강서구 방화대로 294,,,/ 907호일부 (마곡동/ 마곡더블유타워)
탑브레인연합단과학원,272,서울특별시 강서구 강서로 315,,,/ 3층 (내발산동/ 상온빌딩)
탑씨크리트학원,120,서울특별시 강서구 양천로67길 15,,,외1필지2층일부 (염창동)
탑애견미용학원,25,서울특별시 강서구 곰달래로 107,,,/ 2층 (화곡동)
탑컴퓨터전산회계학원,585,서울특별시 강서구 강서로 282,,,/ 2층/ 3층 (내발산동)
탑클래스수학학원,88,서울특별시 강서구 강서로45길 29,,,/ 201-1호 일부/ 301호 일부  (화곡동)
테일러영어학원,57,서울특별시 강서구 방화대로 294,,,/ 마곡더블유타워 304호 (마곡동/ 마곡더블유타워)
테일러학원,104,서울특별시 강서구 방화대로 294,,,/ 308호 (마곡동/ 마곡더블유타워)
템스터디독서실,117,서울특별시 강서구 양천로 686,,,2 3층 (염창동)
토마스커피랩원격학원,600,서울특별시 강서구 양천로 738,,,/ 한강G트리타워 1201호 (염창동)
토즈스터디센터마곡엠밸리독서실,1185,서울특별시 강서구 마곡서로 133,,,/ 마곡엠밸리7단지 713동 602호 일부/ 603호 (마곡동)
토즈스터디센터방화독서실,1105,서울특별시 강서구 양천로 104,,,/ B빌딩 6층일부/ 7층일부 (방화동)
토즈스터디센터염창독서실,1100,서울특별시 강서구 양천로 699,,,/ 4층 일부 (염창동)
톡톡어학원,84,서울특별시 강서구 공항대로 220,,,/ 303호~305호 (마곡동/ 우성에스비타워Ⅱ)
퇴근후미술원성인취미미술학원,64,서울특별시 강서구 강서로 58,,,/ 3층 (화곡동)
투래빗댄스스튜디오(2RABBEATDANCESTUDIO)학원,470,서울특별시 강서구 마곡중앙로 56,,,/ 마곡사이언스타워2 지상2층201호~206호 (마곡동)
투베스트댄스스튜디오학원,630,서울특별시 강서구 수명로 78,,,/ 201호/202호 (내발산동/ 새롬프라자)
툰스테이션미술학원,120,서울특별시 강서구 공항대로 242,,,/ 열린M타워Ⅱ 505호 (마곡동)
트라인영수학원,70,서울특별시 강서구 강서로47가길 34,,,2층 (내발산동)
트레져스영어학원,80,서울특별시 강서구 공항대로41길 65,,,205호 (등촌동)
튼튼영어마스터클럽강서등촌학원,25,서울특별시 강서구 등촌로 147,,,유석빌딩4층 (등촌동)
튼튼영어마스터클럽염창1학원,840,서울특별시 강서구 양천로 646-31,,,2층 (염창동)
티칭앤터칭영수2관학원,40,서울특별시 강서구 마곡중앙5로 81,,,/ 에스비타운 705호 (마곡동)
파라음악학원,245,서울특별시 강서구 등촌로 147,,,유석빌딩5층 (등촌동)
파머스잉글리시(PAMUS ENGLISH)염창캠퍼스학원,62,서울특별시 강서구 양천로 646-32,,,/ 3층 (염창동/ 풍일빌딩)
퍼스트클래스프리미엄독서실,201,서울특별시 강서구 우장산로 24,,,/ 4층/ 5층 (내발산동/ 우진빌딩)
퍼펙트영어보습학원,20,서울특별시 강서구 강서로47길 165,,,/ 601호/ 602호 일부 (내발산동/ 신원메디칼프라자)
펀스타캠퍼스종합학원,80,서울특별시 강서구 강서로56가길 55,,,/ 상아빌딩 4층/5층일부/6층일부 (등촌동/상아어린이집)
펄스뮤직아카데미실용음악학원,27,서울특별시 강서구 양천로69길 11,,,/ 301호 (염창동)
펜타곤에듀(케이션)학원,160,서울특별시 강서구 마곡중앙5로 81,,,/ 에스비타운 709호 (마곡동/ 에스비타운)
펜타곤학원,328,서울특별시 강서구 강서로45길 29,,,/ 501호일부 (화곡동/진명빌딩)
포레스픽어학원,328,서울특별시 강서구 방화대로 294,,,/ 912호/913호 (마곡동/ 마곡더블유타워)
포레스픽영어학원,420,서울특별시 강서구 마곡서1로 115-1,,,/ 마곡헤리움 1차 207호 (마곡동/ 마곡헤리움1차)
폴러스폴댄스학원,1374,서울특별시 강서구 곰달래로 125,,,/ 402호 (화곡동/ 라인씨티)
푸름을말하다학원,80,서울특별시 강서구 공항대로41길 66,,,/ 세신종합상가 609/610호 (등촌동/ 세신등촌종합상가)
프라우드7학원,80,서울특별시 강서구 월정로28길 14,,,/ 3층 (화곡동)
프라하음악학원,60,서울특별시 강서구 양천로14길 37,,,신안네트빌1단지상가동2층 (방화동)
프리지안음악학원,60,서울특별시 강서구 강서로48길 47,,,/ 2층일부 (내발산동)
플라이미술학원,35,서울특별시 강서구 강서로 279,,,/ 4층일부 (내발산동)
플라이위드파파영어학원,24,서울특별시 강서구 공항대로 103,,,/ 503호 (마곡동/ 마곡엠밸리9단지업무시설동)
플라즈마학원,164,서울특별시 강서구 강서로 348,,,/ 상가1동 209호/210호 (내발산동/우장산힐스테이트)
플라톤아카데미마곡독서논술학원,280,서울특별시 강서구 마곡중앙5로 81,,,/ 에스비타운 304호 (마곡동)
플래뮤마곡미술학원,30,서울특별시 강서구 마곡중앙5로 87,,,/ 우성르보아투 307호 (마곡동)
플랜에이독서실,1168,서울특별시 강서구 강서로 279,,,/ 5층 일부 (내발산동)
플러스(PLUS)영어학원,60,서울특별시 강서구 강서로 348,,,/ 우장산힐스테이트 상가1동 307/308호 (내발산동/ 우장산힐스테이트)
플러스스피치학원,43,서울특별시 강서구 마곡서로 158,,,/ 710호~711호 (마곡동/ 마곡센트럴타워Ⅱ)
플레이팩토점핑수학학원,42,서울특별시 강서구 공항대로41길 51,,,/ 410~411호 (등촌동)
피보나치수학전문학원,42,서울특별시 강서구 수명로 78,,,/ 703호 (내발산동/새롬프라자)
피아노빈음악학원,80,서울특별시 강서구 공항대로 124,,,/ 1106동 108호 (마곡동/ 마곡엠밸리11단지판매시설동)
피아리노성인피아노학원,527,서울특별시 강서구 방화대로 291,,,/ 2층 (방화동)
피엔에스염창학원,72,서울특별시 강서구 양천로 687,,,/ 3층 일부 (염창동)
피타고라스수학중심2관학원,120,서울특별시 강서구 마곡중앙5로 81,,,/ 에스비타운 1104호 (마곡동/ 에스비타운)
피타고라스수학중심학원,210,서울특별시 강서구 마곡중앙5로 81,,,/ 에스비타운 804호 (마곡동)
필강학원,100,서울특별시 강서구 방화대로 294,,,/ 마곡더블유타워 504호 (마곡동/ 마곡더블유타워)
필수만수학학원,80,서울특별시 강서구 강서로45길 39,,,/ 4층 (화곡동)
하봄음악학원,60,서울특별시 강서구 초록마을로 31,,,/ 2층 (화곡동/ 화성음악학원)
하얀미술학원,90,서울특별시 강서구 우장산로4길 83,,,/ 2층일부 (내발산동)
하이갈무리강서학원,279,서울특별시 강서구 강서로 267,,,/ G041호 (내발산동/ 송화쇼핑센터)
하이관같이상승수학학원,182,서울특별시 강서구 강서로 303,,,/ 3층 일부 (내발산동)
하이미술학원,49,서울특별시 강서구 강서로 277,,,/ 4층일부 (내발산동)
하이브릿지교육학원,5,서울특별시 강서구 남부순환로11가길 89,,,/ 3층 (공항동)
하이스카이수학학원,80,서울특별시 강서구 강서로45길 29,,,/ 601호 일부 (화곡동/ 진명빌딩)
하이얼영어(Higher English)학원,40,서울특별시 강서구 강서로47길 25,,,2층 (내발산동)
하이젠독서실,103,서울특별시 강서구 공항대로 365,,,4층 일부(등촌동/ 환주빌딩)
하이젠학원,635,서울특별시 강서구 공항대로 365,,,/ 3층 (등촌동/샤프전자)
하이츠강서학원,75,서울특별시 강서구 수명로 82,,,/ 703호 일부/ 704호 (내발산동/ 발산로얄타워)
하이탑영재학원,120,서울특별시 강서구 양천로 85,,,5층 (방화동)
하이헬렌학원,142,서울특별시 강서구 공항대로59다길 85,,,/ 3층 (염창동/대진빌딩)
하임음악학원,150,서울특별시 강서구 화곡로24길 47,,,/ 2층일부 (화곡동)
한교학원,76,서울특별시 강서구 강서로45길 28,,,/ 2층 일부 (내발산동)
한국진로교육학원,490,서울특별시 강서구 강서로54길 107,,,/ 4층 (등촌동)
한마음영수학원,96,서울특별시 강서구 초록마을로 58,,,/ 2층 (화곡동)
한미르학원,41,서울특별시 강서구 강서로 279,,,/ 3층일부 (내발산동)
한별음악학원,29,서울특별시 강서구 방화대로 294,,,/ 605호 (마곡동/ 마곡더블유타워)
한세학원,90,서울특별시 강서구 금낭화로23길 8,,,동성아파트 상가동201호 204호 (방화동)
한솔방화5주니어랩영어보습학원,30,서울특별시 강서구 방화동로5길 34,,,2층 (방화동)
한수위학원,202,서울특별시 강서구 강서로45나길 47,,,3층일부 (내발산동)
한스아카데미음악학원,160,서울특별시 강서구 공항대로41길 52,,,/ 4층일부 (등촌동/ 버들빌딩)
한우리독서실,250,서울특별시 강서구 가로공원로76가길 9,,,5층 (화곡동)
한우리독서토론논술학원,100,서울특별시 강서구 수명로 68-23,,,/ 유광타워 3층 일부  (내발산동)
한탑학원,62,서울특별시 강서구 강서로 327,,,/ 3층 일부 (내발산동/ 원영빌딩)
함수와방정식학원,1360,서울특별시 강서구 양천로 646-31,,,/ 5층 (염창동)
항공물류아카데미학원,175,서울특별시 강서구 방화동로 27,,,/ 2/3층 (방화동)
해나스영어학원,138,서울특별시 강서구 마곡중앙5로 81,,,/ 에스비타운 704호 (마곡동)
해냄독서실,150,서울특별시 강서구 강서로62길 98,,,4층 (등촌동)
해냄수학학원,60,서울특별시 강서구 공항대로 41길 51,,,세신그린코아 408/409호(등촌동)
해더캠퍼스학원,112,서울특별시 강서구 양천로26길 75,,,/ 2층 (방화동)
해법마곡학원,72,서울특별시 강서구 공항대로 103,,,/ 508호 (마곡동/ 마곡엠밸리9단지업무시설동)
해법수학영어교실탑학원,64,서울특별시 강서구 허준로 175,,,가양6단지아파트 상가동3층302호 (가양동)
해법엘리트학원,80,서울특별시 강서구 양천로24길 78,,,/ 3층 (방화동/백호빌딩)
해피뮤즈음악학원,40,서울특별시 강서구 화곡로13길 107,,,대우화곡푸르지오아파트 상가A동2층208-210호 (화곡동)
행복한피아니스트학원,40,서울특별시 강서구 초록마을로 25-6,,,/ 2층 (화곡동 24-280)
허니비미술학원,147,서울특별시 강서구 금낭화로 31,,,/ 삼광빌딩 2층일부 (방화동)
헨델음악학원,120,서울특별시 강서구 수명로 68-11,,,/ 603호 (내발산동/ 발산타워)
현대음악학원,11,서울특별시 강서구 허준로 16-8,,,서경빌딩4층일부 (가양동)
현대중장비운전학원,14,서울특별시 강서구 남부순환로19길 48-37,,,/ B동/ 1층 (외발산동)
호산나음악학원,90,서울특별시 강서구 공항대로53가길 49,,,신도그랑피아2층 (등촌동)
화곡늘푸른학원,96,서울특별시 강서구 까치산로4길 41,,,2층 (화곡동)
화곡모짜르트음악학원,55,서울특별시 강서구 초록마을로 36,,,(화곡동/한성타운)
화곡비상잉글리시아이학원,60,서울특별시 강서구 초록마을로 39,,,/ 2층 (화곡동)
화곡연세수학2관학원,137,서울특별시 강서구 초록마을로 33,,,2층 (화곡동)
화곡이화학원,198,서울특별시 강서구 화곡로59길 17,,,3층 (화곡동)
화곡해법학원,68,서울특별시 강서구 곰달래로31길 3,,,/ 3층 (화곡동)
황재현영어학원,75,서울특별시 강서구 강서로45길 29,,,/ 601호 일부 (화곡동/ 진명빌딩)
휘잉글리쉬영어학원,48,서울특별시 강서구 강서로45길 174,,,/ 수명산씨티 308호 (내발산동)
힐사이드컬리지잇마곡학원,98,서울특별시 강서구 양천로30길 123-28,,,/ 6층 (마곡동)
힐스테이트음악학원,70,서울특별시 강서구 강서로 348,,,우장산현대타운상가517 518호 (내발산동)
힐스학원,206,서울특별시 강서구 공항대로 124,,,/ 업무시설동 1106-201호/202호 (마곡동/ 마곡엠밸리11단지)