도로명주소,count,ilparking
서울특별시 강서구 가로공원로 173 (화곡동),34,1
서울특별시 강서구 가로공원로 175 (화곡동),36,1
서울특별시 강서구 가로공원로 178 (화곡동),30,1
서울특별시 강서구 가로공원로 179 (화곡동),29,1
서울특별시 강서구 가로공원로 180 (화곡동),24,1
서울특별시 강서구 가로공원로 183 (화곡동),35,1
서울특별시 강서구 가로공원로 186 (화곡동),27,1
서울특별시 강서구 가로공원로 187 (화곡동),26,1
서울특별시 강서구 가로공원로 192 (화곡동),27,1
서울특별시 강서구 가로공원로 206 (화곡동),55,1
서울특별시 강서구 가로공원로 208 (화곡동),169,1
서울특별시 강서구 가로공원로 212 (화곡동),24,1
서울특별시 강서구 가로공원로 218 (화곡동),30,1
"서울특별시 강서구 가로공원로 220-1 (화곡동, 에스엠파크빌)",25,1
"서울특별시 강서구 가로공원로 222-1 (화곡동, 우성파크빌)",47,1
"서울특별시 강서구 가로공원로 234 (화곡동, 아줄리움)",34,1
서울특별시 강서구 가로공원로 지하189 (화곡동),610,1
"서울특별시 강서구 가로공원로76가길 16 (화곡동, 신영베르디움)",42,1
서울특별시 강서구 가로공원로76가길 2 (화곡동),41,1
서울특별시 강서구 가로공원로76가길 53 (화곡동),26,1
서울특별시 강서구 가로공원로84길 3 (화곡동),36,1
서울특별시 강서구 강서로 148 (화곡동),95,1
서울특별시 강서구 강서로 173 (화곡동),420,1
서울특별시 강서구 강서로 174 (화곡동),27,1
서울특별시 강서구 강서로 183 (화곡동),28,1
서울특별시 강서구 강서로 189 (화곡동),84,1
서울특별시 강서구 강서로 19 (화곡동),25,1
서울특별시 강서구 강서로 206 (화곡동),27,1
서울특별시 강서구 강서로 216 (화곡동),28,1
서울특별시 강서구 강서로 237 (화곡동),37,1
"서울특별시 강서구 강서로 242 (화곡동, 강서힐스테이트)",60,1
서울특별시 강서구 강서로 263-29 (내발산동),558,1
서울특별시 강서구 강서로 283 (내발산동),1227,2
서울특별시 강서구 강서로 294 (내발산동),25,1
서울특별시 강서구 강서로 295 (내발산동),723,1
서울특별시 강서구 강서로 341 (내발산동),30,1
"서울특별시 강서구 강서로 348 (내발산동, 우장산힐스테이트)",40,1
서울특별시 강서구 강서로 349 (내발산동),29,1
서울특별시 강서구 강서로 36 (화곡동),39,1
서울특별시 강서구 강서로 360 (내발산동),63,1
서울특별시 강서구 강서로 380 (등촌동),263,1
서울특별시 강서구 강서로 40 (화곡동),26,1
서울특별시 강서구 강서로 406 (등촌동),151,1
서울특별시 강서구 강서로 412 (등촌동),45,1
서울특별시 강서구 강서로 419 (마곡동),2884,2
서울특별시 강서구 강서로 443 (마곡동),25,1
서울특별시 강서구 강서로 448 (등촌동),151,1
서울특별시 강서구 강서로 463 (마곡동),6522,2
서울특별시 강서구 강서로 489 (가양동),30,1
서울특별시 강서구 강서로 501-5 (가양동),26,1
서울특별시 강서구 강서로 지하54 (화곡동),1631,2
서울특별시 강서구 강서로10길 210 (화곡동),60,1
"서울특별시 강서구 강서로13길 14 (화곡동, 에스엠레버빌)",53,1
"서울특별시 강서구 강서로15길 13 (화곡동, 주얼리맨션)",29,1
서울특별시 강서구 강서로15길 132 (화곡동),24,1
서울특별시 강서구 강서로15길 16 (화곡동),38,1
"서울특별시 강서구 강서로15길 26 (화곡동, 명인주택)",45,1
서울특별시 강서구 강서로15길 32 (화곡동),25,1
서울특별시 강서구 강서로15길 37 (화곡동),97,1
"서울특별시 강서구 강서로15길 38 (화곡동, 대건빌라)",24,1
"서울특별시 강서구 강서로15길 49 (화곡동, 풍성애뜰안)",27,1
"서울특별시 강서구 강서로15길 50 (화곡동, 영암빌라)",30,1
"서울특별시 강서구 강서로15길 80 (화곡동, 서광빌라)",41,1
서울특별시 강서구 강서로17가길 39 (화곡동),29,1
"서울특별시 강서구 강서로17가길 65 (화곡동, 세진그린빌라)",35,1
서울특별시 강서구 강서로17길 130 (화곡동),26,1
서울특별시 강서구 강서로17길 142 (화곡동),28,1
서울특별시 강서구 강서로17길 144 (화곡동),24,1
서울특별시 강서구 강서로17길 150 (화곡동),25,1
서울특별시 강서구 강서로17다길 16-1 (화곡동),27,1
서울특별시 강서구 강서로18길 51 (화곡동),25,1
서울특별시 강서구 강서로18길 52 (화곡동),34,1
서울특별시 강서구 강서로18아길 14 (화곡동),25,1
서울특별시 강서구 강서로18아길 15-8 (화곡동),41,1
"서울특별시 강서구 강서로18아길 16 (화곡동, 호림빌라)",31,1
서울특별시 강서구 강서로18아길 21 (화곡동),24,1
"서울특별시 강서구 강서로26길 48 (화곡동, 진성빌라)",32,1
"서울특별시 강서구 강서로31길 17 (화곡동, 웰리치파크)",41,1
"서울특별시 강서구 강서로31길 28-12 (화곡동, 한울 뜨란채)",25,1
서울특별시 강서구 강서로31길 28-30 (화곡동),31,1
서울특별시 강서구 강서로31길 28-4 (화곡동),55,1
서울특별시 강서구 강서로31길 28-46 (화곡동),37,1
서울특별시 강서구 강서로31길 48 (화곡동),123,1
서울특별시 강서구 강서로33가길 11 (화곡동),128,1
서울특별시 강서구 강서로33가길 13 (화곡동),179,1
서울특별시 강서구 강서로33가길 17 (화곡동),287,1
"서울특별시 강서구 강서로33가길 4 (화곡동, 더에스에스타운)",83,1
"서울특별시 강서구 강서로33가길 5 (화곡동, 반석빌라)",190,1
서울특별시 강서구 강서로33가길 57 (화곡동),37,1
서울특별시 강서구 강서로33가길 58 (화곡동),30,1
"서울특별시 강서구 강서로33가길 7 (화곡동, 메트로빌)",154,1
"서울특별시 강서구 강서로33가길 86 (화곡동, 프라임팰리스)",38,1
서울특별시 강서구 강서로33길 97 (화곡동),26,1
"서울특별시 강서구 강서로35길 58 (화곡동, 제이월드아파트)",38,1
서울특별시 강서구 강서로39길 3 (화곡동),34,1
서울특별시 강서구 강서로39길 8 (화곡동),81,1
"서울특별시 강서구 강서로41길 33 (화곡동, 오복뜨란채아파트)",40,1
"서울특별시 강서구 강서로43길 17 (화곡동, 신일골드빌)",69,1
"서울특별시 강서구 강서로45가길 58 (화곡동, 스토리하우스)",28,1
서울특별시 강서구 강서로45길 174 (내발산동),37,1
"서울특별시 강서구 강서로45길 179 (내발산동, 경남빌라6차)",58,1
"서울특별시 강서구 강서로45나길 15 (내발산동, 수산오성아파트)",33,1
"서울특별시 강서구 강서로45나길 43 (내발산동, 덕현빌라)",27,1
"서울특별시 강서구 강서로45라길 65-6 (내발산동, 다울네버빌)",311,1
서울특별시 강서구 강서로47가길 12 (내발산동),115,1
서울특별시 강서구 강서로47가길 16 (내발산동),70,1
"서울특별시 강서구 강서로47가길 20-15 (내발산동, 천우그린빌)",26,1
서울특별시 강서구 강서로47가길 3 (내발산동),50,1
서울특별시 강서구 강서로47길 108 (내발산동),27,1
서울특별시 강서구 강서로47길 165 (내발산동),32,1
서울특별시 강서구 강서로47길 34-10 (내발산동),26,1
"서울특별시 강서구 강서로47나길 13 (내발산동, 유진소르베)",50,1
서울특별시 강서구 강서로47나길 17 (내발산동),31,1
"서울특별시 강서구 강서로47다길 32-11 (내발산동, 운경파크빌)",30,1
서울특별시 강서구 강서로48길 17 (내발산동),425,1
서울특별시 강서구 강서로52길 13 (내발산동),27,1
서울특별시 강서구 강서로52길 16 (내발산동),27,1
서울특별시 강서구 강서로54길 42 (등촌동),51,1
서울특별시 강서구 강서로54길 79 (등촌동),31,1
서울특별시 강서구 강서로56가길 141 (등촌동),79,1
서울특별시 강서구 강서로56가길 145 (등촌동),126,1
서울특별시 강서구 강서로56가길 166 (등촌동),106,1
서울특별시 강서구 강서로56가길 31 (등촌동),38,1
서울특별시 강서구 강서로56길 38 (등촌동),37,1
서울특별시 강서구 강서로56길 49 (등촌동),1829,2
서울특별시 강서구 강서로5가길 5 (화곡동),71,1
"서울특별시 강서구 강서로5가길 50 (화곡동, 일현세일아파트)",31,1
서울특별시 강서구 강서로5길 10 (화곡동),25,1
서울특별시 강서구 강서로5길 16 (화곡동),24,1
서울특별시 강서구 강서로5길 64 (화곡동),2577,2
"서울특별시 강서구 강서로5나길 104 (화곡동, 웰라이빌아파트)",52,1
서울특별시 강서구 강서로5나길 109 (화곡동),53,1
서울특별시 강서구 강서로5나길 117 (화곡동),34,1
서울특별시 강서구 강서로5나길 118 (화곡동),33,1
서울특별시 강서구 강서로5나길 121 (화곡동),25,1
서울특별시 강서구 강서로5나길 124 (화곡동),42,1
서울특별시 강서구 강서로5나길 152 (화곡동),35,1
서울특별시 강서구 강서로5나길 37 (화곡동),43,1
서울특별시 강서구 강서로5나길 38 (화곡동),28,1
서울특별시 강서구 강서로5나길 42 (화곡동),40,1
서울특별시 강서구 강서로5나길 43 (화곡동),47,1
서울특별시 강서구 강서로5나길 5 (화곡동),34,1
"서울특별시 강서구 강서로5나길 50 (화곡동, 일성스카이빌)",74,1
서울특별시 강서구 강서로5나길 65 (화곡동),43,1
서울특별시 강서구 강서로5나길 68 (화곡동),25,1
"서울특별시 강서구 강서로5나길 77 (화곡동, 궁전아파트)",38,1
"서울특별시 강서구 강서로5나길 89 (화곡동, 장원빌딩)",36,1
"서울특별시 강서구 강서로5나길 91 (화곡동, 한울팰리스)",25,1
"서울특별시 강서구 강서로5라길 136 (화곡동, 명성빌리지)",30,1
"서울특별시 강서구 강서로5라길 22 (화곡동, 계명주택)",36,1
서울특별시 강서구 강서로68길 108 (등촌동),405,1
서울특별시 강서구 강서로68길 36 (등촌동),610,1
"서울특별시 강서구 강서로68길 36 (등촌동, 등촌주공1,2단지아파트)",39,1
서울특별시 강서구 강서로74길 3 (가양동),48,1
서울특별시 강서구 강서로74길 42 (가양동),28,1
서울특별시 강서구 강서로74길 42-11 (가양동),59,1
서울특별시 강서구 강서로74길 52 (가양동),52,1
서울특별시 강서구 강서로74길 58 (가양동),1879,2
서울특별시 강서구 강서로76길 29 (가양동),30,1
서울특별시 강서구 강서로76길 9-10 (가양동),34,1
"서울특별시 강서구 강서로7길 107 (화곡동, 한양아이클래스)",65,1
"서울특별시 강서구 강서로7길 20-29 (화곡동, 스위트132드림하우스)",27,1
서울특별시 강서구 강서로7길 20-32 (화곡동),38,1
"서울특별시 강서구 강서로7길 28 (화곡동, 해태드림타운)",59,1
"서울특별시 강서구 강서로7길 49 (화곡동, 한백이타운아파트)",81,1
서울특별시 강서구 강서로7길 5 (화곡동),31,1
"서울특별시 강서구 강서로7길 52-11 (화곡동, 강서뉴아파트)",69,1
"서울특별시 강서구 강서로7길 57 (화곡동, 아녜스타워4)",31,1
서울특별시 강서구 강서로7길 59 (화곡동),84,1
"서울특별시 강서구 강서로7길 70 (화곡동, 삼성다빈치)",44,1
"서울특별시 강서구 강서로7길 82 (화곡동, 우공팰리스)",81,1
"서울특별시 강서구 강서로7길 86 (화곡동, 천우네오젠아파트9차및 오피스텔)",44,1
서울특별시 강서구 강서로8길 149 (화곡동),30,1
서울특별시 강서구 강서로8길 177 (화곡동),28,1
서울특별시 강서구 강서로8길 203 (화곡동),450,1
서울특별시 강서구 개화동로 203 (개화동),63,1
서울특별시 강서구 개화동로 505 (방화동),70,1
서울특별시 강서구 개화동로 561 (방화동),68,1
"서울특별시 강서구 개화동로21길 4 (방화동, 방화11단지아파트)",67,1
"서울특별시 강서구 개화동로21길 49 (방화동, 유니트로)",28,1
서울특별시 강서구 개화동로23길 111 (방화동),34,1
서울특별시 강서구 개화동로23길 20 (방화동),55,1
서울특별시 강서구 개화동로27가길 23 (방화동),55,1
서울특별시 강서구 개화동로27가길 33 (방화동),142,1
서울특별시 강서구 개화동로27길 9 (방화동),60,1
"서울특별시 강서구 개화동로29길 22 (방화동, 수정)",26,1
"서울특별시 강서구 곰달래로 116 (화곡동, GM Valley)",25,1
서울특별시 강서구 곰달래로 124 (화곡동),34,1
서울특별시 강서구 곰달래로 178 (화곡동),68,1
서울특별시 강서구 곰달래로 212 (화곡동),32,1
서울특별시 강서구 곰달래로 245 (화곡동),84,1
"서울특별시 강서구 곰달래로 63 (화곡동, 베라트윈빌)",36,1
서울특별시 강서구 곰달래로 71 (화곡동),24,1
"서울특별시 강서구 곰달래로 96 (화곡동, 유림노르웨이숲아파트)",33,1
"서울특별시 강서구 곰달래로15길 12 (화곡동, 남광쉐르빌)",64,1
"서울특별시 강서구 곰달래로16길 15 (화곡동, 해평스퀘어)",58,1
"서울특별시 강서구 곰달래로18길 20 (화곡동, 삼성빌라)",28,1
"서울특별시 강서구 곰달래로18길 33-21 (화곡동, 메종드로제)",71,1
"서울특별시 강서구 곰달래로19길 29 (화곡동, 오화주택)",104,1
"서울특별시 강서구 곰달래로20길 31-11 (화곡동, 삼백훼미리타운)",29,1
"서울특별시 강서구 곰달래로20길 31-5 (화곡동, 임탑아파트)",37,1
"서울특별시 강서구 곰달래로24길 12 (화곡동, 동양하우징)",154,1
서울특별시 강서구 곰달래로24길 18 (화곡동),130,1
서울특별시 강서구 곰달래로24길 19 (화곡동),81,1
서울특별시 강서구 곰달래로24길 23 (화곡동),101,1
서울특별시 강서구 곰달래로24길 24 (화곡동),50,1
서울특별시 강서구 곰달래로24길 26 (화곡동),31,1
서울특별시 강서구 곰달래로24길 8 (화곡동),30,1
서울특별시 강서구 곰달래로25길 45 (화곡동),41,1
서울특별시 강서구 곰달래로31가길 27 (화곡동),581,1
서울특별시 강서구 곰달래로31가길 47 (화곡동),36,1
서울특별시 강서구 곰달래로31가길 79 (화곡동),35,1
서울특별시 강서구 곰달래로31가길 88 (화곡동),55,1
서울특별시 강서구 곰달래로31길 10 (화곡동),26,1
"서울특별시 강서구 곰달래로31라길 30-6 (화곡동, 덕현해밀)",32,1
"서울특별시 강서구 곰달래로31마길 33 (화곡동, 제일스카이빌)",31,1
"서울특별시 강서구 곰달래로35길 42 (화곡동, 동도하이츠빌라)",57,1
"서울특별시 강서구 곰달래로35길 42-38 (화곡동, 대웅하이츠빌라)",27,1
서울특별시 강서구 곰달래로36길 3 (화곡동),36,1
"서울특별시 강서구 곰달래로37길 31 (화곡동, 네오파크빌)",35,1
"서울특별시 강서구 곰달래로41길 33 (화곡동, 동양하우징)",25,1
"서울특별시 강서구 곰달래로47길 129 (화곡동, 라비앙하우스)",45,1
서울특별시 강서구 곰달래로47길 18 (화곡동),45,1
"서울특별시 강서구 곰달래로49가길 6 (화곡동, 영화주택)",24,1
"서울특별시 강서구 곰달래로49길 30 (화곡동, 다솜)",26,1
서울특별시 강서구 곰달래로49길 40 (화곡동),26,1
"서울특별시 강서구 곰달래로49길 49 (화곡동, 현대빌라)",31,1
서울특별시 강서구 곰달래로50길 14 (화곡동),33,1
서울특별시 강서구 곰달래로51길 10-17 (화곡동),24,1
서울특별시 강서구 곰달래로51길 14 (화곡동),35,1
"서울특별시 강서구 곰달래로51길 28 (화곡동, M펠리체)",106,1
서울특별시 강서구 곰달래로52길 4 (화곡동),26,1
서울특별시 강서구 곰달래로53길 26 (화곡동),32,1
서울특별시 강서구 곰달래로53길 30 (화곡동),59,1
"서울특별시 강서구 곰달래로53길 30-14 (화곡동, 광명빌라)",37,1
서울특별시 강서구 곰달래로53길 32 (화곡동),35,1
"서울특별시 강서구 곰달래로53길 41 (화곡동, 재룡빌딩)",67,1
서울특별시 강서구 곰달래로53길 50 (화곡동),28,1
서울특별시 강서구 곰달래로53길 80 (화곡동),37,1
서울특별시 강서구 곰달래로55길 34 (화곡동),27,1
서울특별시 강서구 곰달래로57가길 15 (화곡동),27,1
서울특별시 강서구 곰달래로57가길 19 (화곡동),24,1
"서울특별시 강서구 곰달래로57가길 37 (화곡동, 홍성주택)",1951,2
서울특별시 강서구 곰달래로57길 45-10 (화곡동),35,1
서울특별시 강서구 곰달래로57길 45-28 (화곡동),32,1
"서울특별시 강서구 곰달래로57길 7 (화곡동, 금화아파트)",26,1
서울특별시 강서구 곰달래로58길 45 (화곡동),782,2
서울특별시 강서구 곰달래로60길 17 (화곡동),41,1
서울특별시 강서구 곰달래로60길 19 (화곡동),40,1
서울특별시 강서구 곰달래로60길 27 (화곡동),24,1
서울특별시 강서구 곰달래로60길 28 (화곡동),34,1
서울특별시 강서구 곰달래로60길 4 (화곡동),51,1
서울특별시 강서구 공항대로 150 (마곡동),4641,2
서울특별시 강서구 공항대로 195 (마곡동),5007,2
서울특별시 강서구 공항대로 213 (마곡동),8861,2
서울특별시 강서구 공항대로 247 (마곡동),29,1
서울특별시 강서구 공항대로 260 (마곡동),8540,2
서울특별시 강서구 공항대로 267 (내발산동),2330,2
서울특별시 강서구 공항대로 282 (내발산동),45,1
서울특별시 강서구 공항대로 291 (등촌동),39,1
서울특별시 강서구 공항대로 32 (공항동),952,2
서울특별시 강서구 공항대로 389 (등촌동),2560,2
서울특별시 강서구 공항대로 395 (등촌동),24,1
서울특별시 강서구 공항대로 411 (등촌동),46,1
서울특별시 강서구 공항대로 414 (화곡동),40,1
서울특별시 강서구 공항대로 417 (등촌동),28,1
서울특별시 강서구 공항대로 423 (등촌동),75,1
서울특별시 강서구 공항대로 491 (등촌동),1028,2
서울특별시 강서구 공항대로 501 (등촌동),324,1
서울특별시 강서구 공항대로 525 (등촌동),362,1
"서울특별시 강서구 공항대로 543 (염창동, 센터스퀘어)",38,1
서울특별시 강서구 공항대로 561 (염창동),103,1
"서울특별시 강서구 공항대로 583 (염창동, e편한세상)",266,1
서울특별시 강서구 공항대로 591 (염창동),503,1
서울특별시 강서구 공항대로 607 (염창동),40,1
서울특별시 강서구 공항대로 621 (염창동),109,1
서울특별시 강서구 공항대로 627 (염창동),52,1
서울특별시 강서구 공항대로 629 (염창동),36,1
서울특별시 강서구 공항대로 641 (염창동),43,1
서울특별시 강서구 공항대로 649 (염창동),46,1
"서울특별시 강서구 공항대로 649-10 (염창동, 월드빌)",40,1
서울특별시 강서구 공항대로 649-12 (염창동),192,1
서울특별시 강서구 공항대로 649-7 (염창동),45,1
서울특별시 강서구 공항대로 653-23 (염창동),64,1
서울특별시 강서구 공항대로 653-5 (염창동),97,1
서울특별시 강서구 공항대로 653-9 (염창동),169,1
서울특별시 강서구 공항대로 659 (염창동),35,1
서울특별시 강서구 공항대로 663 (염창동),29,1
서울특별시 강서구 공항대로 지하163 (마곡동),1307,2
서울특별시 강서구 공항대로 지하267 (마곡동),3177,2
서울특별시 강서구 공항대로 지하631 (염창동),54,1
서울특별시 강서구 공항대로2길 36-10 (공항동),32,1
"서울특별시 강서구 공항대로36길 119 (내발산동, 동해빌라)",41,1
서울특별시 강서구 공항대로36길 74 (마곡동),677,1
서울특별시 강서구 공항대로39길 39 (등촌동),35,1
"서울특별시 강서구 공항대로39길 74 (등촌동, 등촌5단지주공아파트)",24,1
서울특별시 강서구 공항대로3길 18 (공항동),875,2
서울특별시 강서구 공항대로3나길 1 (공항동),24,1
서울특별시 강서구 공항대로41길 34 (등촌동),58,1
서울특별시 강서구 공항대로41길 5 (등촌동),53,1
서울특별시 강서구 공항대로41길 51 (등촌동),27,1
서울특별시 강서구 공항대로41길 65 (등촌동),32,1
서울특별시 강서구 공항대로41길 66 (등촌동),24,1
서울특별시 강서구 공항대로41길 75 (등촌동),31,1
"서울특별시 강서구 공항대로42길 13 (내발산동, 우장산 한울에이치밸리움)",1110,2
서울특별시 강서구 공항대로45길 10 (등촌동),181,1
서울특별시 강서구 공항대로45길 101 (등촌동),31,1
서울특별시 강서구 공항대로45길 102 (등촌동),206,1
서울특별시 강서구 공항대로45길 12 (등촌동),37,1
"서울특별시 강서구 공항대로45길 24 (등촌동, 등촌현대1차아파트)",74,1
서울특별시 강서구 공항대로45길 25 (등촌동),72,1
서울특별시 강서구 공항대로45길 33 (등촌동),90,1
서울특별시 강서구 공항대로45길 44 (등촌동),201,1
서울특별시 강서구 공항대로45길 5 (등촌동),62,1
서울특별시 강서구 공항대로45길 68-6 (등촌동),404,1
"서울특별시 강서구 공항대로45길 68-6 (등촌동, 서광등촌마을아파트)",26,1
서울특별시 강서구 공항대로45길 7 (등촌동),33,1
서울특별시 강서구 공항대로45길 92 (등촌동),76,1
"서울특별시 강서구 공항대로45나길 28 (등촌동, 동성프라자주택)",55,1
서울특별시 강서구 공항대로46길 100 (화곡동),31,1
서울특별시 강서구 공항대로46길 14-2 (화곡동),57,1
서울특별시 강서구 공항대로46길 17 (화곡동),94,1
"서울특별시 강서구 공항대로46길 21 (화곡동, 오빌빌딩)",25,1
서울특별시 강서구 공항대로46길 28 (화곡동),185,1
서울특별시 강서구 공항대로46길 40 (화곡동),99,1
서울특별시 강서구 공항대로46길 43-1 (화곡동),96,1
서울특별시 강서구 공항대로46길 47 (화곡동),57,1
서울특별시 강서구 공항대로46길 56 (화곡동),24,1
서울특별시 강서구 공항대로46길 57 (화곡동),108,1
서울특별시 강서구 공항대로46길 61 (화곡동),183,1
서울특별시 강서구 공항대로46길 65 (화곡동),89,1
서울특별시 강서구 공항대로46길 89 (화곡동),52,1
서울특별시 강서구 공항대로46길 9 (화곡동),40,1
서울특별시 강서구 공항대로46길 90 (화곡동),45,1
"서울특별시 강서구 공항대로48길 56 (화곡동, 목화빌라)",33,1
"서울특별시 강서구 공항대로4길 11 (공항동, 에스엠파크빌)",52,1
서울특별시 강서구 공항대로51길 27 (등촌동),24,1
서울특별시 강서구 공항대로53가길 50 (등촌동),27,1
서울특별시 강서구 공항대로53가길 55 (등촌동),63,1
서울특별시 강서구 공항대로55길 33 (등촌동),31,1
서울특별시 강서구 공항대로55길 61 (등촌동),24,1
"서울특별시 강서구 공항대로57길 12 (등촌동, 정원주택)",67,1
"서울특별시 강서구 공항대로57길 14 (등촌동, 금산빌라)",43,1
"서울특별시 강서구 공항대로57길 22 (등촌동, 대호빌라)",24,1
서울특별시 강서구 공항대로57길 4 (등촌동),73,1
"서울특별시 강서구 공항대로57길 8 (등촌동, 정원주택)",37,1
"서울특별시 강서구 공항대로58길 34 (등촌동, 제니스알앤시빌)",32,1
"서울특별시 강서구 공항대로58길 40 (등촌동, 어반하우스)",25,1
서울특별시 강서구 공항대로59가길 1 (등촌동),38,1
서울특별시 강서구 공항대로59가길 11 (등촌동),29,1
서울특별시 강서구 공항대로59가길 13 (등촌동),40,1
"서울특별시 강서구 공항대로59가길 14 (등촌동, 아임2030 등촌역)",101,1
서울특별시 강서구 공항대로59가길 17 (등촌동),41,1
서울특별시 강서구 공항대로59가길 23 (등촌동),31,1
서울특별시 강서구 공항대로59가길 25 (등촌동),118,1
"서울특별시 강서구 공항대로59길 103 (등촌동, 대동황토방아파트)",25,1
서울특별시 강서구 공항대로59길 26 (등촌동),26,1
서울특별시 강서구 공항대로59길 32 (등촌동),29,1
서울특별시 강서구 공항대로59길 36 (등촌동),31,1
서울특별시 강서구 공항대로59길 8 (등촌동),37,1
"서울특별시 강서구 공항대로59길 80-3 (등촌동, 에비앙하우스)",43,1
"서울특별시 강서구 공항대로59다길 1 (등촌동, 심미에셈빌)",29,1
서울특별시 강서구 공항대로59다길 267 (염창동),39,1
서울특별시 강서구 공항대로59다길 39 (등촌동),24,1
"서울특별시 강서구 공항대로59다길 61 (염창동, 염창2차보람아파트)",488,1
"서울특별시 강서구 공항대로61길 10-15 (염창동, 도화엘리시아)",29,1
서울특별시 강서구 공항대로61길 30 (염창동),28,1
서울특별시 강서구 공항대로61길 6 (염창동),56,1
"서울특별시 강서구 공항대로63길 14 (염창동, 염창우성3차아파트)",55,1
서울특별시 강서구 공항대로63길 16 (염창동),88,1
"서울특별시 강서구 공항대로63길 27 (염창동, 도화엘리시아)",40,1
"서울특별시 강서구 공항대로65가길 17 (염창동, 노블레스아파트)",49,1
"서울특별시 강서구 공항대로65길 21 (염창동, 롯데캐슬아파트)",33,1
서울특별시 강서구 공항대로65길 26 (염창동),72,1
서울특별시 강서구 공항대로65길 39 (염창동),37,1
서울특별시 강서구 공항대로65길 65 (염창동),25,1
서울특별시 강서구 공항대로67길 13 (염창동),28,1
"서울특별시 강서구 공항대로67길 29 (염창동, 옥산빌라트)",47,1
"서울특별시 강서구 공항대로67길 29-22 (염창동, 우성연립)",33,1
서울특별시 강서구 공항대로71길 19 (염창동),28,1
"서울특별시 강서구 공항대로71길 31 (염창동, 극동상록수아파트)",26,1
"서울특별시 강서구 공항대로71길 49 (염창동, 송촌스페이스향)",166,1
서울특별시 강서구 공항대로71길 5 (염창동),88,1
"서울특별시 강서구 공항대로71길 54 (염창동, 태진한솔아파트)",29,1
서울특별시 강서구 공항대로71길 9 (염창동),96,1
"서울특별시 강서구 공항대로75길 17 (염창동, 염창한화꿈에그린아파트)",39,1
서울특별시 강서구 공항대로75길 27 (염창동),674,1
"서울특별시 강서구 공항대로75길 30 (염창동, 삼정그린코아)",82,1
서울특별시 강서구 공항대로75길 8 (염창동),122,1
서울특별시 강서구 공항대로7길 16 (공항동),57,1
"서울특별시 강서구 공항대로7길 27 (공항동, 청성스카이)",43,1
서울특별시 강서구 공항대로81길 35 (염창동),47,1
서울특별시 강서구 공항대로8가길 40 (공항동),42,1
"서울특별시 강서구 공항대로8길 89 (공항동, 평화2차주택)",27,1
서울특별시 강서구 국회대로 139 (화곡동),32,1
서울특별시 강서구 국회대로 155 (화곡동),6382,2
서울특별시 강서구 국회대로 209 (화곡동),33,1
서울특별시 강서구 국회대로 229 (화곡동),37,1
서울특별시 강서구 국회대로 245 (화곡동),36,1
서울특별시 강서구 국회대로 251 (화곡동),204,1
서울특별시 강서구 국회대로 53 (화곡동),129,1
"서울특별시 강서구 국회대로 59-15 (화곡동, 청화그린빌라)",127,1
"서울특별시 강서구 국회대로7길 101 (화곡동, 삼성아파트)",30,1
서울특별시 강서구 국회대로7길 160 (화곡동),28,1
"서울특별시 강서구 국회대로7길 175 (화곡동, 태승훼미리아파트)",52,1
"서울특별시 강서구 국회대로7길 21 (화곡동, 우영아파트)",43,1
"서울특별시 강서구 국회대로7길 53 (화곡동, 곰달래아파트)",79,1
서울특별시 강서구 국회대로7길 6 (화곡동),309,1
"서울특별시 강서구 국회대로7길 91 (화곡동, 신도금잔디아파트)",25,1
서울특별시 강서구 금낭화로 1 (방화동),81,1
서울특별시 강서구 금낭화로 128 (방화동),37,1
서울특별시 강서구 금낭화로 13 (방화동),35,1
"서울특별시 강서구 금낭화로 167 (방화동, 방화8단지개화아파트)",42,1
서울특별시 강서구 금낭화로 176 (방화동),103,1
서울특별시 강서구 금낭화로 210 (방화동),37,1
서울특별시 강서구 금낭화로 242-1 (방화동),35,1
"서울특별시 강서구 금낭화로 287-19 (방화동, 방화5단지아파트)",33,1
서울특별시 강서구 금낭화로 287-50 (방화동),56,1
서울특별시 강서구 금낭화로 29 (방화동),34,1
서울특별시 강서구 금낭화로 45 (방화동),1653,2
서울특별시 강서구 금낭화로 5 (방화동),170,1
서울특별시 강서구 금낭화로 91-10 (방화동),57,1
서울특별시 강서구 금낭화로 91-12 (방화동),45,1
서울특별시 강서구 금낭화로 91-2 (방화동),187,1
서울특별시 강서구 금낭화로 지하132 (방화동),118,1
서울특별시 강서구 금낭화로11길 48 (방화동),32,1
"서울특별시 강서구 금낭화로11길 56 (방화동, 보성빌라)",65,1
"서울특별시 강서구 금낭화로13길 36 (방화동, 방화4차 태승훼미리아파트)",28,1
서울특별시 강서구 금낭화로13길 51 (방화동),24,1
서울특별시 강서구 금낭화로17길 4 (방화동),27,1
서울특별시 강서구 금낭화로17길 8 (방화동),24,1
"서울특별시 강서구 금낭화로23길 8 (방화동, 방화7단지동성아파트)",33,1
서울특별시 강서구 금낭화로26가길 130 (개화동),46,1
서울특별시 강서구 금낭화로26가길 152-39 (개화동),100,1
서울특별시 강서구 까치산로 151 (화곡동),41,1
서울특별시 강서구 까치산로 171 (화곡동),54,1
서울특별시 강서구 까치산로 180 (화곡동),38,1
서울특별시 강서구 까치산로 35 (화곡동),4982,2
서울특별시 강서구 까치산로 35 (화곡본동),307,1
서울특별시 강서구 까치산로 80 (화곡동),29,1
서울특별시 강서구 까치산로10길 70 (화곡동),646,1
서울특별시 강서구 까치산로10길 8 (화곡동),29,1
"서울특별시 강서구 까치산로12길 17 (화곡동, 토석아네스빌)",71,1
"서울특별시 강서구 까치산로12길 21-5 (화곡동, 성주빌라)",50,1
서울특별시 강서구 까치산로12길 8-9 (화곡동),34,1
"서울특별시 강서구 까치산로14길 41-7 (화곡동, 보라파크)",27,1
"서울특별시 강서구 까치산로17길 27 (화곡동, 한빛위너스빌)",30,1
서울특별시 강서구 까치산로18길 17 (화곡동),46,1
"서울특별시 강서구 까치산로18다길 21 (화곡동, 동양하우징에이)",26,1
"서울특별시 강서구 까치산로18라길 5-4 (화곡동, 청구빌라)",25,1
"서울특별시 강서구 까치산로20가길 19 (화곡동, 방우맨션타운)",25,1
서울특별시 강서구 까치산로2길 48 (화곡동),30,1
"서울특별시 강서구 까치산로4길 105 (화곡동, 인터시티빌라)",24,1
서울특별시 강서구 까치산로4길 22 (화곡동),1770,2
"서울특별시 강서구 까치산로4길 30-5 (화곡동, 화성골드빌라10차)",48,1
"서울특별시 강서구 까치산로4길 75-21 (화곡동, 황제파크빌)",80,1
"서울특별시 강서구 까치산로4나길 4 (화곡동, 그린힐)",108,1
"서울특별시 강서구 까치산로4나길 8 (화곡동, 우성)",166,1
서울특별시 강서구 까치산로4다길 4 (화곡동),30,1
"서울특별시 강서구 까치산로8길 33 (화곡동, 황금빌라)",69,1
"서울특별시 강서구 남부순환로 11 (공항동, 강서센트레빌4차)",66,1
서울특별시 강서구 남부순환로 121 (공항동),66,1
"서울특별시 강서구 남부순환로 19-4 (공항동, 미래스타빌)",28,1
서울특별시 강서구 남부순환로 224-40 (외발산동),32,1
서울특별시 강서구 남부순환로 224-80 (외발산동),54,1
서울특별시 강서구 남부순환로 5 (공항동),40,1
서울특별시 강서구 남부순환로 51 (공항동),32,1
"서울특별시 강서구 남부순환로11길 71 (공항동, 미라이프)",29,1
"서울특별시 강서구 남부순환로7길 31 (공항동, 공간하우스)",29,1
서울특별시 강서구 등촌로 15 (화곡동),46,1
서울특별시 강서구 등촌로 17 (화곡동),187,1
서울특별시 강서구 등촌로 185 (등촌동),29,1
서울특별시 강서구 등촌로 65 (등촌동),24,1
서울특별시 강서구 등촌로 75 (등촌동),34,1
서울특별시 강서구 등촌로13길 110 (화곡동),75,1
"서울특별시 강서구 등촌로13길 41-14 (화곡동, 호반디오빌)",28,1
서울특별시 강서구 등촌로13길 41-16 (화곡동),55,1
서울특별시 강서구 등촌로13길 41-3 (화곡동),24,1
서울특별시 강서구 등촌로13다길 17 (화곡동),29,1
"서울특별시 강서구 등촌로13다길 23 (화곡동, 마당빌라)",37,1
"서울특별시 강서구 등촌로13다길 29 (화곡동, 상진지오벨리아파트)",34,1
"서울특별시 강서구 등촌로13바길 8-16 (화곡동, 다안빌라트)",35,1
서울특별시 강서구 등촌로13아길 20 (화곡동),25,1
서울특별시 강서구 등촌로35길 90 (등촌동),73,1
서울특별시 강서구 등촌로35길 99 (등촌동),30,1
서울특별시 강서구 등촌로39가길 28 (등촌동),28,1
서울특별시 강서구 등촌로39마길 18 (등촌동),101,1
서울특별시 강서구 등촌로3길 14 (화곡동),46,1
서울특별시 강서구 등촌로51길 23 (등촌동),27,1
"서울특별시 강서구 등촌로53길 39 (등촌동, 태진아름아파트)",878,2
서울특별시 강서구 등촌로55길 6 (등촌동),72,1
서울특별시 강서구 등촌로5길 80 (화곡동),101,1
서울특별시 강서구 마곡동로 161 (마곡동),2939,2
서울특별시 강서구 마곡동로 33 (마곡동),4826,2
서울특별시 강서구 마곡동로 56 (마곡동),207,1
서울특별시 강서구 마곡동로 62 (마곡동),2303,2
서울특별시 강서구 마곡동로10길 7 (마곡동),940,2
서울특별시 강서구 마곡동로3길 26 (마곡동),28,1
서울특별시 강서구 마곡동로3길 6 (마곡동),153,1
서울특별시 강서구 마곡동로8길 24 (마곡동),1408,2
서울특별시 강서구 마곡서1로 111-12 (마곡동),1107,2
서울특별시 강서구 마곡서1로 115-1 (마곡동),56,1
서울특별시 강서구 마곡서1로 132 (마곡동),252,1
서울특별시 강서구 마곡서1로 48 (마곡동),68,1
서울특별시 강서구 마곡서1로 56 (마곡동),29,1
서울특별시 강서구 마곡서1로 60 (마곡동),168,1
서울특별시 강서구 마곡서1로 68 (마곡동),270,1
서울특별시 강서구 마곡서로 101 (마곡동),69,1
서울특별시 강서구 마곡서로 133 (마곡동),1794,2
"서울특별시 강서구 마곡서로 133 (마곡동, 마곡엠밸리7단지)",28,1
서울특별시 강서구 마곡서로 170 (마곡동),51,1
"서울특별시 강서구 마곡서로 175 (마곡동, 마곡엠밸리4단지)",38,1
"서울특별시 강서구 마곡서로 205-21 (마곡동, 경동미르웰 트라세움)",26,1
서울특별시 강서구 마곡서로 33 (마곡동),3406,2
서울특별시 강서구 마곡중앙10로 10 (마곡동),174,1
서울특별시 강서구 마곡중앙10로 91 (마곡동),86,1
서울특별시 강서구 마곡중앙12로 29 (마곡동),1769,2
서울특별시 강서구 마곡중앙12로 3 (마곡동),1807,2
서울특별시 강서구 마곡중앙12로 31 (마곡동),733,2
서울특별시 강서구 마곡중앙12로 39 (마곡동),27,1
서울특별시 강서구 마곡중앙12로 45 (마곡동),1476,2
서울특별시 강서구 마곡중앙12로 49 (마곡동),2011,2
서울특별시 강서구 마곡중앙14로 15 (마곡동),631,1
서울특별시 강서구 마곡중앙14로 16 (마곡동),49,1
서울특별시 강서구 마곡중앙14로 53 (마곡동),194,1
서울특별시 강서구 마곡중앙1로 71 (마곡동),1702,2
서울특별시 강서구 마곡중앙2로 5 (마곡동),30,1
서울특별시 강서구 마곡중앙2로 65 (마곡동),27,1
서울특별시 강서구 마곡중앙2로 69 (마곡동),56,1
서울특별시 강서구 마곡중앙3로 84 (마곡동),27,1
서울특별시 강서구 마곡중앙4로 10 (마곡동),73,1
서울특별시 강서구 마곡중앙4로 18 (마곡동),83,1
서울특별시 강서구 마곡중앙4로 22 (마곡동),32,1
서울특별시 강서구 마곡중앙5로 52-14 (마곡동),28,1
서울특별시 강서구 마곡중앙5로 52-17 (마곡동),174,1
서울특별시 강서구 마곡중앙5로 52-5 (마곡동),90,1
서울특별시 강서구 마곡중앙5로 6 (마곡동),48,1
서울특별시 강서구 마곡중앙5로 81 (마곡동),38,1
서울특별시 강서구 마곡중앙5로1길 20 (마곡동),41,1
서울특별시 강서구 마곡중앙5로1길 25 (마곡동),70,1
서울특별시 강서구 마곡중앙6로 10 (마곡동),383,1
서울특별시 강서구 마곡중앙6로 11 (마곡동),36,1
서울특별시 강서구 마곡중앙6로 16 (마곡동),3476,2
서울특별시 강서구 마곡중앙6로 21 (마곡동),1405,2
서울특별시 강서구 마곡중앙6로 76-3 (마곡동),2821,2
서울특별시 강서구 마곡중앙6로 85 (마곡동),42,1
서울특별시 강서구 마곡중앙6로 89 (마곡동),119,1
서울특별시 강서구 마곡중앙8로 14 (마곡동),155,1
서울특별시 강서구 마곡중앙8로 71 (마곡동),31,1
서울특별시 강서구 마곡중앙8로 86 (마곡동),4539,2
서울특별시 강서구 마곡중앙8로1길 26 (마곡동),376,1
서울특별시 강서구 마곡중앙8로1길 31 (마곡동),3000,2
서울특별시 강서구 마곡중앙8로1길 6 (마곡동),269,1
서울특별시 강서구 마곡중앙8로3길 49 (마곡동),6719,2
서울특별시 강서구 마곡중앙8로3길 5 (마곡동),2217,2
서울특별시 강서구 마곡중앙8로3길 79 (마곡동),2599,2
서울특별시 강서구 마곡중앙8로5길 2 (마곡동),3308,2
서울특별시 강서구 마곡중앙8로7길 45 (마곡동),35,1
서울특별시 강서구 마곡중앙8로7길 5 (마곡동),59,1
서울특별시 강서구 마곡중앙로 11 (내발산동),1978,2
서울특별시 강서구 마곡중앙로 161-1 (마곡동),526,1
서울특별시 강서구 마곡중앙로 161-8 (마곡동),4428,2
서울특별시 강서구 마곡중앙로 168 (마곡동),66,1
서울특별시 강서구 마곡중앙로 171 (마곡동),30,1
서울특별시 강서구 마곡중앙로 175-16 (마곡동),154,1
서울특별시 강서구 마곡중앙로 177 (마곡동),126,1
서울특별시 강서구 마곡중앙로 178 (마곡동),286,1
서울특별시 강서구 마곡중앙로 201 (마곡동),184,1
서울특별시 강서구 마곡중앙로 33 (마곡동),308,1
서울특별시 강서구 마곡중앙로 36 (마곡동),2113,2
서울특별시 강서구 발산로 24 (외발산동),251,1
"서울특별시 강서구 방화대로 161 (공항동, 솔빌딩)",24,1
서울특별시 강서구 방화대로 241 (공항동),774,2
서울특별시 강서구 방화대로 373 (방화동),27,1
서울특별시 강서구 방화대로 지하301 (방화동),1497,2
"서울특별시 강서구 방화대로31길 10 (방화동, 마곡스카이빌)",33,1
서울특별시 강서구 방화대로31길 12 (방화동),25,1
"서울특별시 강서구 방화대로33길 45 (방화동, n.s휴먼빌)",40,1
서울특별시 강서구 방화대로34길 113 (방화동),747,2
"서울특별시 강서구 방화대로37길 15 (방화동, 신동아아파트)",773,2
"서울특별시 강서구 방화대로37길 26 (방화동, 마곡현대1차아파트)",26,1
"서울특별시 강서구 방화대로40길 46 (방화동, 이레빌)",27,1
서울특별시 강서구 방화대로41길 36 (방화동),53,1
서울특별시 강서구 방화대로41길 38 (방화동),25,1
"서울특별시 강서구 방화대로41길 6 (방화동, 강서센트레빌3차)",31,1
서울특별시 강서구 방화대로44길 13 (방화동),25,1
서울특별시 강서구 방화대로44길 55 (방화동),40,1
"서울특별시 강서구 방화대로45길 32 (방화동, 동부센트레빌아파트)",68,1
서울특별시 강서구 방화대로45길 6 (방화동),55,1
"서울특별시 강서구 방화대로45길 78 (방화동, 보람쉬움아파트)",77,1
"서울특별시 강서구 방화대로47가길 22 (방화동, 방화4단지아파트)",26,1
서울특별시 강서구 방화대로47가길 41 (방화동),35,1
서울특별시 강서구 방화대로47가길 7 (방화동),28,1
"서울특별시 강서구 방화대로48길 40 (방화동, 방화2단지아파트)",185,1
서울특별시 강서구 방화대로49길 52 (방화동),24,1
서울특별시 강서구 방화대로49길 6-4 (방화동),29,1
서울특별시 강서구 방화대로50길 22 (방화동),632,1
서울특별시 강서구 방화대로50길 7 (방화동),34,1
서울특별시 강서구 방화대로6라길 1 (공항동),50,1
서울특별시 강서구 방화대로6바길 43 (공항동),47,1
서울특별시 강서구 방화대로7길 5 (공항동),35,1
서울특별시 강서구 방화대로8길 30 (공항동),24,1
서울특별시 강서구 방화대로8길 34 (공항동),28,1
서울특별시 강서구 방화대로8길 50 (공항동),25,1
서울특별시 강서구 방화대로8길 56 (공항동),842,2
서울특별시 강서구 방화동 830-4 (방화동),2043,2
서울특별시 강서구 방화동로 1 (방화동),79,1
"서울특별시 강서구 방화동로 101 (방화동, 에스엠시티)",28,1
서울특별시 강서구 방화동로 112-1 (방화동),66,1
서울특별시 강서구 방화동로 114 (방화동),32,1
서울특별시 강서구 방화동로 124 (방화동),33,1
서울특별시 강서구 방화동로 126 (방화동),98,1
"서울특별시 강서구 방화동로 126 (방화동, 삼정아파트)",149,1
서울특별시 강서구 방화동로 18 (공항동),25,1
서울특별시 강서구 방화동로 20 (공항동),30,1
서울특별시 강서구 방화동로 29 (방화동),33,1
서울특별시 강서구 방화동로 37 (방화동),62,1
서울특별시 강서구 방화동로 57 (방화동),24,1
서울특별시 강서구 방화동로 58-2 (방화동),2362,2
서울특별시 강서구 방화동로 92 (방화동),45,1
서울특별시 강서구 방화동로 93 (방화동),36,1
서울특별시 강서구 방화동로 95 (방화동),47,1
서울특별시 강서구 방화동로 지하30 (공항동),232,1
서울특별시 강서구 방화동로16길 31 (방화동),3544,2
서울특별시 강서구 방화동로3길 47 (방화동),35,1
서울특별시 강서구 송정로 35 (공항동),80,1
서울특별시 강서구 송정로 45 (공항동),474,1
서울특별시 강서구 송정로1길 13 (공항동),47,1
서울특별시 강서구 송정로1길 30 (공항동),27,1
서울특별시 강서구 송정로1길 5 (공항동),34,1
서울특별시 강서구 송정로4길 20 (공항동),27,1
서울특별시 강서구 수명로 31 (내발산동),312,1
서울특별시 강서구 수명로 68-11 (내발산동),121,1
서울특별시 강서구 수명로 68-23 (내발산동),52,1
서울특별시 강서구 수명로 68-27 (내발산동),106,1
서울특별시 강서구 수명로 68-35 (내발산동),319,1
서울특별시 강서구 수명로 72 (내발산동),33,1
서울특별시 강서구 수명로 76 (내발산동),34,1
서울특별시 강서구 수명로1길 16 (내발산동),2524,2
"서울특별시 강서구 수명로1길 16 (내발산동, 마곡수명산파크4단지아파트)",49,1
서울특별시 강서구 양천로 108 (방화동),52,1
"서울특별시 강서구 양천로 125 (방화동, 장미아파트)",77,1
서울특별시 강서구 양천로 126 (방화동),759,2
"서울특별시 강서구 양천로 140 (방화동, 마곡현대아파트)",25,1
서울특별시 강서구 양천로 22 (방화동),724,1
서울특별시 강서구 양천로 242 (마곡동),807,2
서울특별시 강서구 양천로 28 (방화동),167,1
서울특별시 강서구 양천로 329 (가양동),2269,2
서울특별시 강서구 양천로 344 (마곡동),1023,2
서울특별시 강서구 양천로 376 (가양동),42,1
서울특별시 강서구 양천로 400-12 (가양동),307,1
서울특별시 강서구 양천로 410 (가양동),26,1
서울특별시 강서구 양천로 431 (가양동),1892,2
서울특별시 강서구 양천로 442 (등촌동),34,1
서울특별시 강서구 양천로 500 (등촌동),26,1
서울특별시 강서구 양천로 510 (등촌동),63,1
서울특별시 강서구 양천로 528 (등촌동),270,1
서울특별시 강서구 양천로 532 (등촌동),195,1
서울특별시 강서구 양천로 570 (등촌동),1096,2
서울특별시 강서구 양천로 583 (염창동),28,1
서울특별시 강서구 양천로 646-28 (염창동),762,2
"서울특별시 강서구 양천로 656 (염창동, 삼성관음아파트)",26,1
서울특별시 강서구 양천로 690 호서빌딩5층 (염창동),246,1
서울특별시 강서구 양천로 694 (염창동),24,1
서울특별시 강서구 양천로 72 (방화동),55,1
서울특별시 강서구 양천로 731 (염창동),635,1
"서울특별시 강서구 양천로 731 (염창동, 염창동동아3차아파트)",1283,2
서울특별시 강서구 양천로 지하560 (등촌동),3894,2
"서울특별시 강서구 양천로10길 33 (방화동, 예지움)",124,1
"서울특별시 강서구 양천로10길 37 (방화동, 신세계아파트)",85,1
서울특별시 강서구 양천로11길 47 (방화동),384,1
"서울특별시 강서구 양천로14가길 23 (방화동, 개화산경남아너스빌)",91,1
서울특별시 강서구 양천로14길 13 (방화동),55,1
서울특별시 강서구 양천로14길 13-9 (방화동),33,1
서울특별시 강서구 양천로14길 17 (방화동),145,1
"서울특별시 강서구 양천로14길 61 (방화동, 신안2단지아파트)",29,1
서울특별시 강서구 양천로14나길 29 (방화동),50,1
서울특별시 강서구 양천로16길 7 (방화동),24,1
"서울특별시 강서구 양천로1길 40 (방화동, 인터시티빌라)",40,1
"서울특별시 강서구 양천로23길 8 (방화동, 한미아파트)",96,1
"서울특별시 강서구 양천로23길 9 (방화동, 한미아파트)",36,1
"서울특별시 강서구 양천로24가길 27 (방화동, 오누리빌)",26,1
"서울특별시 강서구 양천로24가길 59 (방화동, 마곡 한진해모로)",35,1
서울특별시 강서구 양천로24가길 67 (방화동),84,1
서울특별시 강서구 양천로24길 31 (방화동),32,1
서울특별시 강서구 양천로26길 18 (방화동),108,1
"서울특별시 강서구 양천로26길 38 (방화동, 마곡보타닉경남아너스빌)",25,1
서울특별시 강서구 양천로28길 38 (방화동),113,1
서울특별시 강서구 양천로30길 123-11 (마곡동),24,1
서울특별시 강서구 양천로30길 73-5 (마곡동),26,1
"서울특별시 강서구 양천로30길 73-9 (마곡동, 동성아크로)",37,1
서울특별시 강서구 양천로47가길 19 (가양동),50,1
서울특별시 강서구 양천로47길 12 (가양동),40,1
서울특별시 강서구 양천로47길 20 (마곡동),41,1
서울특별시 강서구 양천로47길 94 (마곡동),488,1
서울특별시 강서구 양천로49길 102 (마곡동),217,1
서울특별시 강서구 양천로49길 54 (가양동),36,1
서울특별시 강서구 양천로51길 27 (가양동),28,1
서울특별시 강서구 양천로53길 30 (가양동),1479,2
서울특별시 강서구 양천로53길 66 (가양동),109,1
서울특별시 강서구 양천로57길 10-10 (가양동),247,1
서울특별시 강서구 양천로57길 10-11 (가양동),87,1
서울특별시 강서구 양천로57길 10-20 (가양동),41,1
서울특별시 강서구 양천로57길 9-20 (가양동),33,1
서울특별시 강서구 양천로59길 16-9 (가양동),78,1
서울특별시 강서구 양천로59길 38 (가양동),86,1
"서울특별시 강서구 양천로60길 41-12 (등촌동, 세왕빌라)",104,1
"서울특별시 강서구 양천로60길 41-18 (등촌동, 세왕빌라)",217,1
서울특별시 강서구 양천로61길 101 (가양동),52,1
서울특별시 강서구 양천로61길 90 (염창동),29,1
서울특별시 강서구 양천로62길 35 (등촌동),25,1
"서울특별시 강서구 양천로62길 38 (등촌동, 다울아파트)",27,1
서울특별시 강서구 양천로63길 52 (염창동),547,1
"서울특별시 강서구 양천로66길 6 (등촌동, 삼성한사랑1차아파트)",42,1
서울특별시 강서구 양천로67가길 63 (염창동),1365,2
서울특별시 강서구 양천로67길 32 (염창동),161,1
"서울특별시 강서구 양천로67길 71-16 (염창동, 삼천리아파트)",30,1
서울특별시 강서구 양천로67길 71-3 (염창동),33,1
"서울특별시 강서구 양천로67길 77 (염창동, 우성1차아파트)",66,1
서울특별시 강서구 양천로67길 93-22 (염창동),329,1
"서울특별시 강서구 양천로69길 58 (염창동, 염창동아아파트)",177,1
"서울특별시 강서구 양천로69길 65 (염창동, 강변성원아파트)",38,1
"서울특별시 강서구 양천로6길 28 (방화동, 마곡중앙하이츠아파트)",37,1
서울특별시 강서구 양천로71길 60 (염창동),25,1
서울특별시 강서구 양천로71길 61 (염창동),39,1
서울특별시 강서구 양천로71길 8 (염창동),25,1
"서울특별시 강서구 양천로73가길 38 (염창동, 이너스양화아파트6차)",25,1
"서울특별시 강서구 양천로73길 80 (염창동, 한강동아아파트)",35,1
서울특별시 강서구 양천로75길 22-10 (염창동),31,1
"서울특별시 강서구 양천로75길 57 (염창동, 현대1차아파트)",28,1
서울특별시 강서구 양천로77길 45 (염창동),113,1
"서울특별시 강서구 양천로77길 45 (염창동, 무학아파트)",290,1
서울특별시 강서구 우장산로 114 (화곡동),24,1
서울특별시 강서구 우장산로 128 (화곡동),101,1
"서울특별시 강서구 우장산로 47 (내발산동, 우장산롯데2차아파트)",26,1
서울특별시 강서구 우장산로 66 (내발산동),49,1
"서울특별시 강서구 우장산로 82 (화곡동, 우장산길성그랑프리텔)",45,1
"서울특별시 강서구 우장산로14길 3 (화곡동, 미래스타빌)",40,1
"서울특별시 강서구 우장산로2길 25 (내발산동, 현대파크아파트)",37,1
서울특별시 강서구 우장산로2길 49 (내발산동),47,1
서울특별시 강서구 우현로 17 (화곡동),117,1
서울특별시 강서구 우현로 30-27 (화곡동),45,1
"서울특별시 강서구 우현로 6-1 (화곡동, 블리스빌)",104,1
서울특별시 강서구 우현로 6-14 (화곡동),24,1
서울특별시 강서구 우현로 67 (화곡동),95,1
"서울특별시 강서구 우현로 67 (화곡동, 강서힐스테이트)",83,1
"서울특별시 강서구 우현로 7-23 (화곡동, 신하우스)",50,1
서울특별시 강서구 우현로 8 (화곡동),30,1
서울특별시 강서구 월정로 102 (화곡동),68,1
서울특별시 강서구 월정로 114-1 (화곡동),27,1
서울특별시 강서구 월정로 128 (화곡동),32,1
서울특별시 강서구 월정로 130 (화곡동),27,1
서울특별시 강서구 월정로 140 (화곡동),50,1
서울특별시 강서구 월정로 156 (화곡동),42,1
"서울특별시 강서구 월정로 160 (화곡동, 화곡대림아파트)",58,1
서울특별시 강서구 월정로 176 (화곡동),65,1
서울특별시 강서구 월정로 94 (화곡동),24,1
서울특별시 강서구 월정로 96 (화곡동),72,1
"서울특별시 강서구 월정로14길 52 (화곡동, 청해빌라)",27,1
"서울특별시 강서구 월정로16길 38 (화곡동, 보람아파트)",27,1
서울특별시 강서구 월정로18길 10 (화곡동),32,1
서울특별시 강서구 월정로18길 17 (화곡동),27,1
서울특별시 강서구 월정로28길 10 (화곡동),105,1
"서울특별시 강서구 월정로28길 20 (화곡동, 대우그린아파트)",32,1
서울특별시 강서구 월정로28길 32 (화곡동),66,1
서울특별시 강서구 월정로28길 34 (화곡동),38,1
"서울특별시 강서구 월정로32길 25 (화곡동, 창대빌라)",34,1
서울특별시 강서구 월정로32길 35 (화곡동),31,1
"서울특별시 강서구 초록마을로 100 (화곡동, 신흥아너스빌)",40,1
"서울특별시 강서구 초록마을로 121 (화곡동, 태창네스트힐아파트)",26,1
"서울특별시 강서구 초록마을로 166 (화곡동, 탑건진선미아파트)",155,1
"서울특별시 강서구 초록마을로 173 (화곡동, 대한빌라)",50,1
서울특별시 강서구 초록마을로 25-6 (화곡동),40,1
"서울특별시 강서구 초록마을로 25-8 (화곡동, 한성아트빌)",27,1
서울특별시 강서구 초록마을로 28 (화곡동),180,1
"서울특별시 강서구 초록마을로 36-7 (화곡동, 그린빌라)",26,1
"서울특별시 강서구 초록마을로 68 (화곡동, 공원하이빌)",31,1
서울특별시 강서구 초록마을로15길 12 (화곡동),55,1
서울특별시 강서구 초록마을로32길 38 (화곡동),36,1
"서울특별시 강서구 초록마을로34길 54 (화곡동, 우성)",48,1
서울특별시 강서구 초록마을로8길 84 (화곡동),27,1
"서울특별시 강서구 초원로 27 (방화동, 방화3차태승훼미리아파트)",681,1
서울특별시 강서구 초원로 35 (방화동),133,1
"서울특별시 강서구 초원로 6-11 (방화동, 대림캐슬)",25,1
서울특별시 강서구 초원로 75 (방화동),53,1
서울특별시 강서구 초원로11길 10 (방화동),44,1
서울특별시 강서구 초원로13길 56 (방화동),24,1
서울특별시 강서구 초원로16길 33 (방화동),35,1
서울특별시 강서구 초원로16길 5 (방화동),24,1
서울특별시 강서구 초원로16길 6 (방화동),30,1
"서울특별시 강서구 초원로2길 14 (방화동, 대림캐슬)",61,1
서울특별시 강서구 하늘길 111 (공항동),24331,2
서울특별시 강서구 하늘길 112 (공항동),41,1
서울특별시 강서구 하늘길 197 (공항동),553,1
서울특별시 강서구 하늘길 38 (방화동),13178,2
서울특별시 강서구 하늘길 70 (과해동),317,1
서울특별시 강서구 허준로 10-25 (가양동),57,1
서울특별시 강서구 허준로 109 (가양동),81,1
서울특별시 강서구 허준로 139 (가양동),93,1
서울특별시 강서구 허준로 16-8 (가양동),56,1
서울특별시 강서구 허준로 186 (가양동),242,1
서울특별시 강서구 허준로 198 (가양동),33,1
서울특별시 강서구 허준로 202 (가양동),32,1
서울특별시 강서구 허준로 202-10 (가양동),93,1
"서울특별시 강서구 허준로 55-20 (가양동, 가양중앙하이츠아파트)",60,1
서울특별시 강서구 허준로 9 (가양동),24,1
서울특별시 강서구 화곡로 109 (화곡동),61,1
서울특별시 강서구 화곡로 111 (화곡동),25,1
서울특별시 강서구 화곡로 149 (화곡동),61,1
서울특별시 강서구 화곡로 168 (화곡동),979,2
"서울특별시 강서구 화곡로 176-22 (화곡동, NS파크APT)",39,1
서울특별시 강서구 화곡로 227 (화곡동),25,1
서울특별시 강서구 화곡로 248-26 (화곡동),25,1
서울특별시 강서구 화곡로 262 (화곡동),35,1
서울특별시 강서구 화곡로 297 (화곡동),47,1
서울특별시 강서구 화곡로 301 (화곡동),33,1
서울특별시 강서구 화곡로 302 (화곡동),1436,2
서울특별시 강서구 화곡로 308 (화곡동),29,1
서울특별시 강서구 화곡로 311 (화곡동),24,1
서울특별시 강서구 화곡로 335 (화곡동),207,1
서울특별시 강서구 화곡로 336 (화곡동),25,1
서울특별시 강서구 화곡로 342 (화곡동),33,1
서울특별시 강서구 화곡로 344 (화곡동),92,1
서울특별시 강서구 화곡로 346 (화곡동),27,1
서울특별시 강서구 화곡로 354-5 (화곡동),142,1
서울특별시 강서구 화곡로 371 (등촌동),36,1
"서울특별시 강서구 화곡로 374 (등촌동, 지엠벨리)",38,1
서울특별시 강서구 화곡로 398 (등촌동),5040,2
서울특별시 강서구 화곡로 416 (등촌동),1952,2
서울특별시 강서구 화곡로 429 (가양동),41,1
서울특별시 강서구 화곡로13길 107 (화곡동),1440,2
"서울특별시 강서구 화곡로13길 107 (화곡동, 화곡푸르지오)",39,1
서울특별시 강서구 화곡로15길 9 (화곡동),48,1
"서울특별시 강서구 화곡로18길 19 (화곡동, 천우중앙아파트)",73,1
"서울특별시 강서구 화곡로18길 24 (화곡동, 강서뉴타워)",158,1
"서울특별시 강서구 화곡로20길 19 (화곡동, 엘리시아)",33,1
서울특별시 강서구 화곡로20길 44 (화곡동),31,1
서울특별시 강서구 화곡로21길 78 (화곡동),24,1
"서울특별시 강서구 화곡로21길 83 (화곡동, 화곡대진아파트)",38,1
서울특별시 강서구 화곡로25길 2 (화곡동),25,1
서울특별시 강서구 화곡로26길 33 (화곡동),105,1
"서울특별시 강서구 화곡로26길 59 (화곡동, 성진빌라)",25,1
서울특별시 강서구 화곡로27길 49 (화곡동),44,1
"서울특별시 강서구 화곡로31가길 18 (화곡동, 화곡동한강아파트)",25,1
서울특별시 강서구 화곡로31가길 3 (화곡동),26,1
서울특별시 강서구 화곡로31가길 4 (화곡동),48,1
서울특별시 강서구 화곡로31가길 45 (화곡동),37,1
서울특별시 강서구 화곡로31길 27 (화곡동),75,1
서울특별시 강서구 화곡로31길 53 (화곡동),57,1
서울특별시 강서구 화곡로31길 57 (화곡동),37,1
서울특별시 강서구 화곡로31길 73 (화곡동),30,1
서울특별시 강서구 화곡로31길 79 (화곡동),78,1
"서울특별시 강서구 화곡로31다길 21 (화곡동, 덕현제왕타워아파트)",95,1
"서울특별시 강서구 화곡로41길 33 (화곡동, 소망하이츠빌라)",50,1
서울특별시 강서구 화곡로42길 3 (화곡동),84,1
"서울특별시 강서구 화곡로43가길 39 (화곡동, 호성그린아파트)",40,1
서울특별시 강서구 화곡로44길 17 (화곡동),24,1
서울특별시 강서구 화곡로52길 14 (화곡동),50,1
서울특별시 강서구 화곡로52길 24 (화곡동),24,1
"서울특별시 강서구 화곡로53가길 14 (화곡동, 화곡동샤롯데)",48,1
서울특별시 강서구 화곡로53길 7-15 (화곡동),24,1
"서울특별시 강서구 화곡로53길 75 (화곡동, 우장산청솔아파트)",31,1
"서울특별시 강서구 화곡로53나길 15 (화곡동, 남광파크빌)",44,1
서울특별시 강서구 화곡로53나길 53 (화곡동),24,1
"서울특별시 강서구 화곡로55길 35 (화곡동, 대상힐탑)",29,1
"서울특별시 강서구 화곡로58길 122 (화곡동, 럭키빌라)",27,1
"서울특별시 강서구 화곡로58길 127 (화곡동, 럭키빌라)",30,1
서울특별시 강서구 화곡로58길 25 (화곡동),24,1
서울특별시 강서구 화곡로58길 30 (화곡동),27,1
"서울특별시 강서구 화곡로59길 59 (화곡동, 올림푸스아파트)",27,1
서울특별시 강서구 화곡로61길 85 (등촌동),30,1
서울특별시 강서구 화곡로61길 99 (등촌동),110,1
서울특별시 강서구 화곡로63길 101 (등촌동),29,1
서울특별시 강서구 화곡로63길 19 (등촌동),145,1
서울특별시 강서구 화곡로63길 96 (등촌동),57,1
"서울특별시 강서구 화곡로64길 12 (등촌동, 만석빌라)",25,1
서울특별시 강서구 화곡로64길 16 (등촌동),24,1
서울특별시 강서구 화곡로64길 2 (등촌동),123,1
"서울특별시 강서구 화곡로64길 20 (등촌동, 광신빌라)",103,1
서울특별시 강서구 화곡로64길 23 (등촌동),74,1
서울특별시 강서구 화곡로64길 27 (등촌동),36,1
"서울특별시 강서구 화곡로64길 50 (등촌동, 등촌현대2차아파트)",81,1
서울특별시 강서구 화곡로64길 78 (등촌동),34,1
"서울특별시 강서구 화곡로64길 85 (등촌동, 디아인스)",130,1
서울특별시 강서구 화곡로64길 98 (등촌동),26,1
서울특별시 강서구 화곡로66길 122 (등촌동),35,1
"서울특별시 강서구 화곡로66길 126 (등촌동, 라테라스)",32,1
서울특별시 강서구 화곡로66길 130 (등촌동),41,1
"서울특별시 강서구 화곡로66길 80 (등촌동, 등촌3차보람쉬움아파트)",41,1
서울특별시 강서구 화곡로68길 102 (등촌동),3782,2
서울특별시 강서구 화곡로68길 149 (등촌동),25,1
서울특별시 강서구 화곡로68길 15 (등촌동),49,1
서울특별시 강서구 화곡로68길 33 (등촌동),495,1
"서울특별시 강서구 화곡로68길 33 (등촌동, 라인아파트)",1132,2
서울특별시 강서구 화곡로69길 9 (등촌동),28,1
서울특별시 강서구 화곡로72길 62 (가양동),24,1
